표준코드,ticker,한글종목명,name,start_date,기초지수명,지수산출기관,기초자산분류
KR7445690001,445690,BNK BNK 주주가치액티브증권상장지수투자신탁(주식),BNK 주주가치액티브,2022/10/27,FnGuide 주주가치 지수,FnGuide,주식
KR7292340007,292340,DB 마이티 200커버드콜ATM레버리지증권상장지수투자신탁[주식-파생형],마이티 200커버드콜ATM레버리지,2018/03/20,코스피 200 커버드콜 ATM 지수,KRX,주식
KR7442260006,442260,DB 마이티 다이나믹퀀트액티브증권상장지수투자신탁[주식],마이티 다이나믹퀀트액티브,2022/10/25,코스피 200,KRX,주식
KR7159800002,159800,DB마이티K100증권상장지수투자신탁(주식),마이티 코스피100,2012/07/05,코스피 100,KRX,주식
KR7361580004,361580,KB KBSTAR 200 Total Return증권상장지수투자신탁(주식),KBSTAR 200TR,2020/08/21,코스피 200 TR,KRX,주식
KR7285000006,285000,KB KBSTAR 200IT증권상장지수투자신탁(주식),KBSTAR 200IT,2017/12/08,코스피 200 정보기술,KRX,주식
KR7287300008,287300,KB KBSTAR 200건설증권상장지수투자신탁(주식),KBSTAR 200건설,2017/12/22,코스피 200 건설,KRX,주식
KR7287310007,287310,KB KBSTAR 200경기소비재증권상장지수투자신탁(주식),KBSTAR 200경기소비재,2017/12/22,코스피 200 경기소비재,KRX,주식
KR7290080001,290080,KB KBSTAR 200고배당커버드콜ATM증권상장지수투자신탁(주식-파생형),KBSTAR 200고배당커버드콜ATM,2018/02/27,코스피 200 고배당커버드콜 ATM 지수(시장가격지수),KRX,주식
KR7284980000,284980,KB KBSTAR 200금융증권상장지수투자신탁(주식),KBSTAR 200금융,2017/12/08,코스피 200 금융,KRX,주식
KR7287320006,287320,KB KBSTAR 200산업재증권상장지수투자신탁(주식),KBSTAR 200산업재,2017/12/22,코스피 200 산업재,KRX,주식
KR7287330005,287330,KB KBSTAR 200생활소비재증권상장지수투자신탁(주식),KBSTAR 200생활소비재,2017/12/22,코스피 200 생활소비재,KRX,주식
KR7252400007,252400,KB KBSTAR 200선물레버리지증권상장지수투자신탁(주식-파생형),KBSTAR 200선물레버리지,2016/09/12,코스피 200 선물지수,KRX,주식
KR7252420005,252420,KB KBSTAR 200선물인버스2X증권상장지수투자신탁(주식-파생형),KBSTAR 200선물인버스2X,2016/09/22,코스피 200 선물지수,KRX,주식
KR7252410006,252410,KB KBSTAR 200선물인버스증권상장지수투자신탁(주식-파생형),KBSTAR 200선물인버스,2016/09/12,코스피 200 선물지수,KRX,주식
KR7284990009,284990,KB KBSTAR 200에너지화학증권상장지수투자신탁(주식),KBSTAR 200에너지화학,2017/12/08,코스피 200 에너지/화학,KRX,주식
KR7285010005,285010,KB KBSTAR 200중공업증권상장지수투자신탁(주식),KBSTAR 200중공업,2017/12/08,코스피 200 중공업,KRX,주식
KR7148020001,148020,KB KBSTAR 200증권상장지수투자신탁(주식),KBSTAR 200,2011/10/20,코스피 200,KRX,주식
KR7285020004,285020,KB KBSTAR 200철강소재증권상장지수투자신탁(주식),KBSTAR 200철강소재,2017/12/08,코스피 200 철강/소재,KRX,주식
KR7315480004,315480,KB KBSTAR 200커뮤니케이션서비스증권상장지수투자신탁(주식),KBSTAR 200커뮤니케이션서비스,2019/01/15,코스피 200 커뮤니케이션서비스,KRX,주식
KR7448590000,448590,KB KBSTAR 23-11 회사채(AA-이상)액티브증권상장지수투자신탁(채권),KBSTAR 23-11 회사채(AA-이상)액티브,2022/11/22,KIS 2023년 만기도래 크레딧 종합채권 지수(AA-이상)(시장가격),KIS 채권평가,채권
KR7448600007,448600,KB KBSTAR 25-11 회사채(AA-이상)액티브증권상장지수투자신탁(채권),KBSTAR 25-11 회사채(AA-이상)액티브,2022/11/22,KIS 2025년 만기도래 크레딧 종합채권 지수(AA-이상)(시장가격),KIS 채권평가,채권
KR7422420000,422420,KB KBSTAR 2차전지액티브증권상장지수투자신탁(주식),KBSTAR 2차전지액티브,2022/04/08,iSelect 2차전지 지수 (시장가격지수),NH투자증권,주식
KR7105780001,105780,KB KBSTAR 5대그룹주증권상장지수투자신탁(주식),KBSTAR 5대그룹주,2008/10/22,MKF 5대그룹주,FnGuide,주식
KR7290130004,290130,KB KBSTAR ESG사회책임투자증권상장지수투자신탁(주식),KBSTAR ESG사회책임투자,2018/02/27,KRX ESG 사회책임경영지수(S),KRX,주식
KR7368200002,368200,KB KBSTAR Fn K-뉴딜디지털플러스증권상장지수투자신탁(주식),KBSTAR Fn K-뉴딜디지털플러스,2020/11/10,FnGuide K-뉴딜 디지털 플러스 지수,FnGuide,주식
KR7367760006,367760,KB KBSTAR Fn5G테크증권상장지수투자신탁(주식),KBSTAR Fn5G테크,2020/10/29,FnGuide 5G 테크 지수,FnGuide,주식
KR7367770005,367770,KB KBSTAR Fn수소경제테마증권상장지수투자신탁(주식),KBSTAR Fn수소경제테마,2020/10/29,FnGuide 수소 경제 테마 지수,FnGuide,주식
KR7427110002,427110,KB KBSTAR Fn창업투자회사증권상장지수투자신탁(주식),KBSTAR Fn창업투자회사,2022/05/17,FnGuide 창업투자회사 지수(시장가격지수),FnGuide,주식
KR7388280000,388280,KB KBSTAR Fn컨택트대표 증권상장지수투자신탁(주식),KBSTAR Fn컨택트대표,2021/06/10,FnGuide 컨택트대표 지수(시장가격지수),FnGuide,주식
KR7427120001,427120,KB KBSTAR Fn플랫폼테마증권상장지수투자신탁(주식),KBSTAR Fn플랫폼테마,2022/05/17,FnGuide 플랫폼테마 지수(시장가격지수),FnGuide,주식
KR7326240009,326240,KB KBSTAR IT플러스증권상장지수투자신탁(주식),KBSTAR IT플러스,2019/06/20,FnGuide IT플러스 지수,FnGuide,주식
KR7385560008,385560,KB KBSTAR KIS국고채30년Enhanced증권상장지수투자신탁(채권),KBSTAR KIS국고채30년Enhanced,2021/05/26,KIS 국고채30년Enhanced지수(시장가격),KIS 채권평가,채권
KR7385550009,385550,KB KBSTAR KIS단기종합채권(AA-이상)액티브증권상장지수투자신탁(채권),KBSTAR KIS단기종합채권(AA-이상)액티브,2021/05/26,KIS 단기종합채권지수(AA-이상)(총수익지수),KIS 채권평가,채권
KR7385540000,385540,KB KBSTAR KIS종합채권(A-이상)액티브증권상장지수투자신탁(채권),KBSTAR KIS종합채권(A-이상)액티브,2021/05/26,KIS 종합채권 지수(A-이상)(총수익지수),KIS 채권평가,채권
KR7270800006,270800,KB KBSTAR KQ고배당증권상장지수투자신탁(주식),KBSTAR KQ고배당,2017/07/07,FnGuide KQ고배당포커스 지수,FnGuide,주식
KR7307010009,307010,KB KBSTAR KRX300레버리지증권상장지수투자신탁(주식-파생형),KBSTAR KRX300레버리지,2018/10/16,KRX 300,KRX,주식
KR7319870002,319870,KB KBSTAR KRX300미국달러선물혼합자산상장지수투자신탁(혼합-파생형),KBSTAR KRX300미국달러선물혼합,2019/03/19,KRX 300 미국달러 선물혼합지수,KRX,주식
KR7292050002,292050,KB KBSTAR KRX300증권상장지수투자신탁(주식),KBSTAR KRX300,2018/03/26,KRX 300,KRX,주식
KR7403990005,403990,KB KBSTAR KRX기후변화솔루션증권상장지수투자신탁(주식),KBSTAR KRX기후변화솔루션,2021/10/29,KRX 기후변화 솔루션지수,KRX,주식
KR7442550000,442550,KB KBSTAR TDF2030액티브증권상장지수투자신탁(혼합-재간접형),KBSTAR TDF2030액티브,2022/09/22,iSelect 전략적자산배분 TDF 2030 지수,NH투자증권,기타
KR7442560009,442560,KB KBSTAR TDF2040액티브증권상장지수투자신탁(혼합-재간접형),KBSTAR TDF2040액티브,2022/09/22,iSelect 전략적자산배분 TDF 2040 지수,NH투자증권,기타
KR7442570008,442570,KB KBSTAR TDF2050액티브증권상장지수투자신탁(혼합-재간접형),KBSTAR TDF2050액티브,2022/09/22,iSelect 전략적자산배분 TDF 2050 지수,NH투자증권,기타
KR7234310001,234310,KB KBSTAR V&S셀렉트밸류증권상장지수투자신탁(주식),KBSTAR V&S셀렉트밸류,2016/02/02,FnGuide 셀렉트 밸류 지수,FnGuide,주식
KR7241390004,241390,KB KBSTAR V&S셀렉트밸류채권혼합증권상장지수투자신탁(채권혼합),KBSTAR V&S셀렉트밸류채권혼합,2016/04/12,FnGuide 셀렉트벨류 채권혼합지수,FnGuide,혼합자산
KR7401170006,401170,KB KBSTAR iSelect메타버스증권상장지수투자신탁(주식),KBSTAR iSelect메타버스,2021/10/13,iSelect 메타버스 지수(시장가격지수),NH투자증권,주식
KR7300640000,300640,KB KBSTAR 게임테마증권상장지수투자신탁(주식),KBSTAR 게임테마,2018/07/24,WISE 게임 테마 지수 (시장가격지수),WiseFn,주식
KR7266160001,266160,KB KBSTAR 고배당증권상장지수투자신탁(주식),KBSTAR 고배당,2017/04/14,FnGuide 고배당포커스 지수,FnGuide,주식
KR7282000009,282000,KB KBSTAR 국고채3년선물인버스증권상장지수투자신탁(채권-파생형),KBSTAR 국고채3년선물인버스,2017/11/09,국채선물지수,KRX,채권
KR7114100001,114100,KB KBSTAR 국고채3년증권상장지수투자신탁(채권),KBSTAR 국고채3년,2009/07/29,KTB INDEX(시장가격),KRX,채권
KR7295020002,295020,KB KBSTAR 국채선물10년인버스증권상장지수투자신탁(채권-파생형),KBSTAR 국채선물10년인버스,2018/05/11,10년국채선물지수,KRX,채권
KR7295000004,295000,KB KBSTAR 국채선물10년증권상장지수투자신탁(채권-파생형),KBSTAR 국채선물10년,2018/05/11,10년국채선물지수,KRX,채권
KR7432600005,432600,KB KBSTAR 국채선물3년증권상장지수투자신탁(채권-파생형),KBSTAR 국채선물3년,2022/06/14,국채선물지수,KRX,채권
KR7397410002,397410,KB KBSTAR 국채선물5년추종인버스증권상장지수투자신탁(채권-파생형),KBSTAR 국채선물5년추종인버스,2021/08/31,5년 국채선물 추종 지수,KRX,채권
KR7397420001,397420,KB KBSTAR 국채선물5년추종증권상장지수투자신탁(채권-파생형),KBSTAR 국채선물5년추종,2021/08/31,5년 국채선물 추종 지수,KRX,채권
KR7276650009,276650,KB KBSTAR 글로벌4차산업IT증권상장지수투자신탁(주식-파생형)(합성 H),KBSTAR 글로벌4차산업IT(합성 H),2017/08/17,S&P Global 1200 Information Technology and Interactive Media & Services(PR),S&P,주식
KR7437370000,437370,KB KBSTAR 글로벌농업경제MV증권상장지수투자신탁(주식),KBSTAR 글로벌농업경제MV,2022/07/29,MVIS Global Agribusiness Index(Price Return),MVIS,주식
KR7375270006,375270,KB KBSTAR 글로벌데이터센터리츠나스닥부동산상장지수투자신탁(파생형)(합성),KBSTAR 글로벌데이터센터리츠나스닥(합성),2021/01/14,Kelly Data Center & Tech Infrastructure Net Total Return Index,NASDAQ,부동산
KR7411720006,411720,KB KBSTAR 글로벌메타버스Moorgate증권상장지수투자신탁(주식),KBSTAR 글로벌메타버스Moorgate,2021/12/22,Global Metaverse Index(Price Return),Moorgate,주식
KR7417450004,417450,KB KBSTAR 글로벌수소경제Indxx증권상장지수투자신탁(주식),KBSTAR 글로벌수소경제Indxx,2022/02/15,Indxx Hydrogen Economy Index (Net Total Return),Indxx,주식
KR7442320008,442320,KB KBSTAR 글로벌원자력iSelect증권상장지수투자신탁(주식),KBSTAR 글로벌원자력iSelect,2022/10/13,iSelect 글로벌원자력 지수(시장가격),NH투자증권,주식
KR7399580000,399580,KB KBSTAR 글로벌클린에너지S&P증권상장지수투자신탁(주식),KBSTAR 글로벌클린에너지S&P,2021/10/21,S&P Global Clean Energy Index (Price Return),S&P,주식
KR7336160007,336160,KB KBSTAR 금융채액티브증권상장지수투자신탁(채권),KBSTAR 금융채액티브,2019/10/29,KIS 종합채권금융채 2.5Y-3Y 지수 (총수익),KIS 채권평가,채권
KR7326230000,326230,KB KBSTAR 내수주플러스증권상장지수투자신탁(주식),KBSTAR 내수주플러스,2019/06/20,FnGuide 내수주플러스 지수,FnGuide,주식
KR7272560004,272560,KB KBSTAR 단기국공채액티브증권상장지수투자신탁(채권),KBSTAR 단기국공채액티브,2017/06/29,KIS 종합채권국공채3M~1.5Y지수,KIS 채권평가,채권
KR7196230007,196230,KB KBSTAR 단기통안채증권상장지수투자신탁(채권),KBSTAR 단기통안채,2014/05/19,KIS 통안채 5개월 지수(총수익),KIS 채권평가,채권
KR7315960005,315960,KB KBSTAR 대형고배당10Total Return증권상장지수투자신탁(주식),KBSTAR 대형고배당10TR,2019/01/22,WISE 대형고배당10 TR 지수,WiseFn,주식
KR7252730007,252730,KB KBSTAR 모멘텀로우볼증권상장지수투자신탁(주식),KBSTAR 모멘텀로우볼,2016/10/14,FnGuide 모멘텀&로우볼 지수,FnGuide,주식
KR7252720008,252720,KB KBSTAR 모멘텀밸류증권상장지수투자신탁(주식),KBSTAR 모멘텀밸류,2016/10/14,FnGuide 모멘텀&밸류 지수,FnGuide,주식
KR7379780000,379780,KB KBSTAR 미국S&P500증권상장지수투자신탁(주식),KBSTAR 미국S&P500,2021/04/09,S&P 500,S&P,주식
KR7219390002,219390,KB KBSTAR 미국S&P원유생산기업증권상장지수투자신탁(주식-파생형)(합성 H),KBSTAR 미국S&P원유생산기업(합성 H),2015/06/02,S&P Oil & Gas Exploration & Production Select Industry Index(PR),S&P,주식
KR7354240004,354240,KB KBSTAR 미국고정배당우선증권ICE TR증권상장지수투자신탁(주식혼합),KBSTAR 미국고정배당우선증권ICE TR,2020/05/19,ICE BofAML Core Plus Fixed Rate Preferred Securities Index,"ICE Data Indices, LLC",혼합자산
KR7368590006,368590,KB KBSTAR 미국나스닥100증권상장지수투자신탁(주식),KBSTAR 미국나스닥100,2020/11/06,NASDAQ 100,NASDAQ,주식
KR7437350002,437350,KB KBSTAR 미국단기투자등급회사채액티브증권상장지수투자신탁(채권),KBSTAR 미국단기투자등급회사채액티브,2022/07/29,Bloomberg US Corporate 1-5 Years Total Return Index,Bloomberg,채권
KR7449580000,449580,KB KBSTAR 미국빅데이터Top3채권혼합iSelect증권상장지수투자신탁(채권혼합),KBSTAR 미국빅데이터Top3채권혼합iSelect,2022/12/20,iSelect 미국 빅데이터Top3 채권혼합지수(Price Return),NH투자증권,혼합자산
KR7267490001,267490,KB KBSTAR 미국장기국채선물레버리지증권상장지수투자신탁(채권-파생형)(합성 H),KBSTAR 미국장기국채선물레버리지(합성 H),2017/04/20,S&P U.S. Treasury Bond Futures Excess Return Index,S&P,채권
KR7267500007,267500,KB KBSTAR 미국장기국채선물인버스2X증권상장지수투자신탁(채권-파생형)(합성 H),KBSTAR 미국장기국채선물인버스2X(합성 H),2017/04/20,S&P U.S. Treasury Bond Futures Excess Return Index,S&P,채권
KR7267450005,267450,KB KBSTAR 미국장기국채선물인버스증권상장지수투자신탁(채권-파생형)(H),KBSTAR 미국장기국채선물인버스(H),2017/04/20,S&P U.S. Treasury Bond Futures Excess Return Index,S&P,채권
KR7267440006,267440,KB KBSTAR 미국장기국채선물증권상장지수투자신탁(채권-파생형)(H),KBSTAR 미국장기국채선물(H),2017/04/20,S&P U.S. Treasury Bond Futures Excess Return Index,S&P,채권
KR7446700007,446700,KB KBSTAR 배터리 리사이클링iSelect증권상장지수투자신탁(주식),KBSTAR 배터리 리사이클링iSelect,2022/11/01,iSelect 배터리 리사이클링 지수,NH투자증권,주식
KR7388420002,388420,KB KBSTAR 비메모리반도체액티브증권상장지수투자신탁(주식),KBSTAR 비메모리반도체액티브,2021/06/10,iSelect 비메모리반도체 지수(시장가격지수),NH투자증권,주식
KR7448630004,448630,KB KBSTAR 삼성그룹Top3채권혼합블룸버그증권상장지수투자신탁(채권혼합),KBSTAR 삼성그룹Top3채권혼합블룸버그,2022/11/29,Bloomberg Blended Samsung Group Fixed Top 3 Equity and Korean Bond Index,Bloomberg,혼합자산
KR7140570003,140570,KB KBSTAR 수출주증권상장지수투자신탁(주식),KBSTAR 수출주,2011/04/15,MKF 수출주 지수,FnGuide,주식
KR7140580002,140580,KB KBSTAR 우량업종대표주증권상장지수투자신탁(주식),KBSTAR 우량업종,2011/04/15,MKF 우량업종대표주 지수,FnGuide,주식
KR7379790009,379790,KB KBSTAR 유로스탁스50증권상장지수투자신탁(주식)(H),KBSTAR 유로스탁스50(H),2021/04/09,EURO STOXX 50 Index,STOXX,주식
KR7183710003,183710,KB KBSTAR 주식혼합증권상장지수투자신탁(주식혼합-파생형),KBSTAR 주식혼합,2013/10/17,주식국채혼합(주식형)지수,KRX,혼합자산
KR7310080007,310080,KB KBSTAR 중국MSCI China증권상장지수투자신탁(주식)(H),KBSTAR 중국MSCI China(H),2018/11/28,MSCI China NTR Index(USD) (Net Total Return),MSCI,주식
KR7174360008,174360,KB KBSTAR 중국본토대형주CSI100증권상장지수자투자신탁(주식),KBSTAR 중국본토대형주CSI100,2013/06/04,CSI 100,CSI,주식
KR7136340007,136340,KB KBSTAR 중기우량회사채증권상장지수투자신탁(채권),KBSTAR 중기우량회사채,2011/04/15,KOBI 크레딧 지수(총수익),KIS 채권평가,채권
KR7281990002,281990,KB KBSTAR 중소형고배당증권상장지수투자신탁(주식),KBSTAR 중소형고배당,2017/11/02,FnGuide 중소형고배당포커스 지수,FnGuide,주식
KR7272570003,272570,KB KBSTAR 중장기국공채액티브증권상장지수투자신탁(채권),KBSTAR 중장기국공채액티브,2017/06/29,KIS 종합채권국공채4~5Y지수,KIS 채권평가,채권
KR7250730009,250730,KB KBSTAR 차이나HSCEI증권상장지수투자신탁(주식)(H),KBSTAR 차이나HSCEI(H),2016/08/10,Hang Seng China H,HangSeng,주식
KR7291680007,291680,KB KBSTAR 차이나H선물인버스증권상장지수투자신탁(주식-파생형)(H),KBSTAR 차이나H선물인버스(H),2018/03/23,Hang Seng China Enterprises Futures Index(Price Return),HangSeng,주식
KR7371150004,371150,KB KBSTAR 차이나항셍테크증권상장지수투자신탁(주식),KBSTAR 차이나항셍테크,2020/12/16,Hang Seng TECH Index,HangSeng,주식
KR7183700004,183700,KB KBSTAR 채권혼합증권상장지수투자신탁(채권혼합-파생형),KBSTAR 채권혼합,2013/10/17,주식국채혼합(채권형)지수,KRX,혼합자산
KR7278240007,278240,KB KBSTAR 코스닥150선물레버리지증권상장지수투자신탁(주식-파생형),KBSTAR 코스닥150선물레버리지,2017/08/31,F-코스닥150 지수,KRX,주식
KR7275750008,275750,KB KBSTAR 코스닥150선물인버스증권상장지수투자신탁(주식-파생형),KBSTAR 코스닥150선물인버스,2017/08/01,F-코스닥150 지수,KRX,주식
KR7270810005,270810,KB KBSTAR 코스닥150증권상장지수투자신탁(주식),KBSTAR 코스닥150,2017/06/16,코스닥 150,KRX,주식
KR7302450002,302450,KB KBSTAR 코스피증권상장지수투자신탁(주식),KBSTAR 코스피,2018/07/24,코스피,KRX,주식
KR7334700002,334700,KB KBSTAR 팔라듐선물인버스특별자산상장지수투자신탁(파생형)(H),KBSTAR 팔라듐선물인버스(H),2019/09/24,S&P GSCI Palladium Excess Return Index,S&P,원자재
KR7334690005,334690,KB KBSTAR 팔라듐선물특별자산상장지수투자신탁(파생형)(H),KBSTAR 팔라듐선물(H),2019/09/24,S&P GSCI Palladium Excess Return Index,S&P,원자재
KR7253280002,253280,KB KBSTAR 헬스케어증권상장지수투자신탁(주식),KBSTAR 헬스케어,2016/09/23,FnGuide 헬스케어 지수,FnGuide,주식
KR7253290001,253290,KB KBSTAR 헬스케어채권혼합증권상장지수투자신탁(채권혼합),KBSTAR 헬스케어채권혼합,2016/09/23,FnGuide 헬스케어 채권혼합 지수,FnGuide,혼합자산
KR7407310002,407310,NH-Amundi HANARO 200 TOP10 증권상장지수투자신탁(주식),HANARO 200 TOP10,2021/11/24,코스피 200 Top 10 지수,KRX,주식
KR7332930007,332930,NH-Amundi HANARO 200 Total Return증권상장지수투자신탁(주식),HANARO 200TR,2019/08/28,코스피 200 TR,KRX,주식
KR7304780000,304780,NH-Amundi HANARO 200선물레버리지증권상장지수투자신탁[주식-파생형],HANARO 200선물레버리지,2018/08/14,코스피 200 선물지수,KRX,주식
KR7306520008,306520,NH-Amundi HANARO 200선물인버스증권상장지수투자신탁(주식-파생형),HANARO 200선물인버스,2018/09/18,코스피 200 선물지수,KRX,주식
KR7293180006,293180,NH-Amundi HANARO 200증권상장지수투자신탁[주식],HANARO 200,2018/03/30,코스피 200,KRX,주식
KR7448490003,448490,NH-Amundi HANARO 32-10 국고채액티브증권상장지수투자신탁(채권),HANARO 32-10 국고채액티브,2022/11/22,KAP 32-10 국고채 10년 총수익지수,한국자산평가(KAP),채권
KR7395290000,395290,NH-Amundi HANARO Fn K-POP&미디어증권상장지수투자신탁(주식),HANARO Fn K-POP&미디어,2021/07/30,FnGuide K-POP & 미디어 지수,FnGuide,주식
KR7395280001,395280,NH-Amundi HANARO Fn K-게임증권상장지수투자신탁(주식),HANARO Fn K-게임,2021/07/30,FnGuide K-게임 지수,FnGuide,주식
KR7368190005,368190,NH-Amundi HANARO Fn K-뉴딜디지털플러스증권상장지수투자신탁[주식],HANARO Fn K-뉴딜디지털플러스,2020/11/10,FnGuide K-뉴딜 디지털 플러스 지수,FnGuide,주식
KR7402460000,402460,NH-Amundi HANARO Fn K-메타버스MZ증권상장지수투자신탁(주식),HANARO Fn K-메타버스MZ,2021/10/13,FnGuide K-메타버스 MZ 지수(시장가격),FnGuide,주식
KR7395270002,395270,NH-Amundi HANARO Fn K-반도체증권상장지수투자신탁(주식),HANARO Fn K-반도체,2021/07/30,FnGuide K-반도체 지수,FnGuide,주식
KR7438900003,438900,NH-Amundi HANARO Fn K-푸드증권상장지수투자신탁(주식),HANARO Fn K-푸드,2022/08/17,FnGuide K-푸드 지수 (시장가격),FnGuide,주식
KR7367740008,367740,NH-Amundi HANARO Fn5G산업증권상장지수투자신탁(주식),HANARO Fn5G산업,2020/10/29,FnGuide 5G 산업 지수,FnGuide,주식
KR7407300003,407300,NH-Amundi HANARO Fn골프테마 증권상장지수투자신탁(주식),HANARO Fn골프테마,2021/11/24,FnGuide 골프 테마 지수,FnGuide,주식
KR7381560002,381560,NH-Amundi HANARO Fn전기&수소차증권상장지수투자신탁(주식),HANARO Fn전기&수소차,2021/04/02,FnGuide 전기&수소차 지수 (시장가격),FnGuide,주식
KR7441540002,441540,NH-Amundi HANARO Fn조선해운증권상장지수투자신탁(주식),HANARO Fn조선해운,2022/09/15,FnGuide 조선해운지수,FnGuide,주식
KR7381570001,381570,NH-Amundi HANARO Fn친환경에너지증권상장지수투자신탁(주식),HANARO Fn친환경에너지,2021/04/02,FnGuide 친환경에너지 지수 (시장가격),FnGuide,주식
KR7346000003,346000,NH-Amundi HANARO KAP 초장기국고채증권상장지수투자신탁(채권-파생형),HANARO KAP초장기국고채,2020/01/16,KAP 초장기 국고채 지수(총수익),한국자산평가(KAP),채권
KR7304760002,304760,NH-Amundi HANARO KRX300증권상장지수투자신탁[주식],HANARO KRX300,2018/08/14,KRX 300,KRX,주식
KR7404470007,404470,NH-Amundi HANARO KRX기후변화솔루션증권상장지수투자신탁(주식),HANARO KRX기후변화솔루션,2021/10/29,KRX 기후변화 솔루션지수,KRX,주식
KR7332940006,332940,NH-Amundi HANARO MSCI Korea Total Return증권상장지수투자신탁(주식),HANARO MSCI Korea TR,2019/08/28,MSCI Korea TR Index,MSCI,주식
KR7322400003,322400,NH-Amundi HANARO e커머스증권상장지수투자신탁[주식],HANARO e커머스,2019/04/23,FnGuide E커머스 지수,FnGuide,주식
KR7322410002,322410,NH-Amundi HANARO 고배당증권상장지수투자신탁[주식],HANARO 고배당,2019/04/23,FnGuide 고배당 알파 지수,FnGuide,주식
KR7354350001,354350,NH-Amundi HANARO 글로벌럭셔리S&P 증권상장지수투자신탁(주식-파생형)(합성),HANARO 글로벌럭셔리S&P(합성),2020/05/12,S&P Global Luxury Index,S&P,주식
KR7432850006,432850,NH-Amundi HANARO 글로벌백신치료제MSCI증권상장지수투자신탁(주식-파생형),HANARO 글로벌백신치료제MSCI,2022/06/08,MSCI World IMI Virology Select Index,MSCI,주식
KR7448510008,448510,NH-Amundi HANARO 글로벌신재생에너지MSCI 증권상장지수투자신탁[주식-파생형](합성),HANARO 글로벌신재생에너지MSCI(합성),2022/11/30,MSCI ACWI IMI New Energy ESG Filtered (Price Return),MSCI,주식
KR7424460004,424460,NH-Amundi HANARO 글로벌워터MSCI 증권상장지수투자신탁[주식-파생형](합성),HANARO 글로벌워터MSCI(합성),2022/04/19,MSCI ACWI IMI Water ESG Filtered (Price Return),MSCI,주식
KR7401590005,401590,NH-Amundi HANARO 글로벌탄소배출권선물ICE특별자산ETF(탄소배출권-파생형)(합성),HANARO 글로벌탄소배출권선물ICE(합성),2021/09/30,ICE Global Carbon Futures Index(Excess Return),"ICE Data Indices, LLC",기타
KR7314700006,314700,NH-Amundi HANARO 농업융복합산업증권상장지수투자신탁(주식),HANARO 농업융복합산업,2018/12/21,FnGuide 농업융복합산업 지수(시장가격),FnGuide,주식
KR7390950004,390950,NH-Amundi HANARO 단기채권액티브증권상장지수투자신탁(채권),HANARO 단기채권액티브,2021/06/25,KAP 단기 통안채 지수(총수익),한국자산평가(KAP),채권
KR7432840007,432840,NH-Amundi HANARO 미국S&P500증권상장지수투자신탁(주식),HANARO 미국S&P500,2022/06/08,S&P 500,S&P,주식
KR7419170006,419170,NH-Amundi HANARO 미국메타버스iSelect 증권상장지수투자신탁(주식),HANARO 미국메타버스iSelect,2022/02/22,iSelect US 메타버스 지수(시장가격),NH투자증권,주식
KR7434730008,434730,NH-Amundi HANARO 원자력iSelect증권상장지수투자신탁(주식),HANARO 원자력iSelect,2022/06/28,iSelect 원자력지수 (시장가격),NH투자증권,주식
KR7306530007,306530,NH-Amundi HANARO 코스닥150선물레버리지증권상장지수투자신탁(주식-파생형),HANARO 코스닥150선물레버리지,2018/09/18,F-코스닥150 지수,KRX,주식
KR7304770001,304770,NH-Amundi HANARO 코스닥150증권상장지수투자신탁[주식],HANARO 코스닥150,2018/08/14,코스닥 150,KRX,주식
KR7375760006,375760,NH-Amundi HANARO 탄소효율그린뉴딜증권상장지수투자신탁[주식],HANARO 탄소효율그린뉴딜,2021/02/05,KRX/S&P 탄소효율 그린뉴딜지수,KRX,주식
KR7140950007,140950,교보악사 파워 K100 증권 상장지수투자신탁(주식),파워 코스피100,2011/05/03,코스피 100,KRX,주식
KR7152870002,152870,교보악사 파워 K200 증권 상장지수투자신탁(주식),파워 200,2012/02/13,코스피 200,KRX,주식
KR7192720001,192720,교보악사 파워 고배당저변동성 증권 상장지수투자신탁(주식),파워 고배당저변동성,2014/02/20,코스피 200 고배당지수,KRX,주식
KR7434960001,434960,대신 대신343 K200증권상장지수투자신탁[주식],대신343 K200,2022/06/28,코스피 200,KRX,주식
KR7403790009,403790,마이다스 마이다스 KoreaStock액티브증권상장지수투자신탁(주식),마이다스 KoreaStock액티브,2021/10/13,코스피,KRX,주식
KR7438740003,438740,마이다스 마이다스 KoreaStock중소형액티브증권상장지수투자신탁(주식),마이다스 KoreaStock중소형액티브,2022/08/17,코스피 중형주,KRX,주식
KR7137930004,137930,마이다스 코스피200커버드콜5%OTM증권상장지수투자신탁(주식),마이다스 200커버드콜5%OTM,2011/02/15,코스피 200 커버드콜 5% OTM,KRX,주식
KR7407160001,407160,메리츠 MASTER TMT테크미디어텔레콤액티브증권상장지수투자신탁(주식),MASTER 테크미디어텔레콤액티브,2021/11/16,FnGuide TMT 지수,FnGuide,주식
KR7407170000,407170,메리츠 MASTER 스마트커머스액티브증권상장지수투자신탁(주식),MASTER 스마트커머스액티브,2021/11/16,FnGuide 스마트커머스 지수,FnGuide,주식
KR7310960000,310960,미래에셋 TIGER 200 Total Return증권상장지수투자신탁(주식),TIGER 200TR,2018/11/20,코스피 200 TR,KRX,주식
KR7227550001,227550,미래에셋 TIGER 200 산업재 증권상장지수투자신탁(주식),TIGER 200 산업재,2015/09/23,코스피 200 산업재,KRX,주식
KR7227560000,227560,미래에셋 TIGER 200 생활소비재 증권상장지수투자신탁(주식),TIGER 200 생활소비재,2015/09/23,코스피 200 생활소비재,KRX,주식
KR7102110004,102110,미래에셋 TIGER 200 증권상장지수투자신탁(주식),TIGER 200,2008/04/03,코스피 200,KRX,주식
KR7243880002,243880,미래에셋 TIGER 200IT레버리지증권상장지수투자신탁(주식-파생형),TIGER 200IT레버리지,2016/05/13,코스피 200 정보기술,KRX,주식
KR7252000005,252000,미래에셋 TIGER 200동일가중증권상장지수투자신탁(주식),TIGER 200동일가중,2016/09/20,코스피 200 동일가중지수,KRX,주식
KR7267770006,267770,미래에셋 TIGER 200선물레버리지증권상장지수투자신탁(주식-파생형),TIGER 200선물레버리지,2017/04/25,코스피 200 선물지수,KRX,주식
KR7252710009,252710,미래에셋 TIGER 200선물인버스2X증권상장지수투자신탁(주식-파생형),TIGER 200선물인버스2X,2016/09/22,코스피 200 선물지수,KRX,주식
KR7243890001,243890,미래에셋 TIGER 200에너지화학레버리지증권상장지수투자신탁(주식-파생형),TIGER 200에너지화학레버리지,2016/05/13,코스피 200 에너지/화학,KRX,주식
KR7315270009,315270,미래에셋 TIGER 200커뮤니케이션서비스증권상장지수투자신탁(주식),TIGER 200커뮤니케이션서비스,2019/01/15,코스피 200 커뮤니케이션서비스,KRX,주식
KR7289480006,289480,미래에셋 TIGER 200커버드콜ATM증권상장지수투자신탁(주식-파생형),TIGER 200커버드콜ATM,2018/02/09,코스피 200 커버드콜 ATM 지수,KRX,주식
KR7227540002,227540,미래에셋 TIGER 200헬스케어증권상장지수투자신탁(주식),TIGER 200 헬스케어,2015/09/23,코스피 200 헬스케어,KRX,주식
KR7447780008,447780,미래에셋 TIGER 23-12 국공채액티브증권상장지수투자신탁(채권),TIGER 23-12 국공채액티브,2022/12/09,KIS 국공채 2312만기형 지수(총수익지수),KIS 채권평가,채권
KR7447820002,447820,미래에셋 TIGER 24-10 회사채(A+이상)액티브증권상장지수투자신탁(채권),TIGER 24-10 회사채(A+이상)액티브,2022/11/22,KIS 회사채 2410만기형 지수(총수익지수),KIS 채권평가,채권
KR7305540007,305540,미래에셋 TIGER 2차전지테마증권상장지수투자신탁(주식),TIGER 2차전지테마,2018/09/12,WISE 2차전지 테마 지수,WiseFn,주식
KR7365040005,365040,미래에셋 TIGER AI코리아그로스액티브증권상장지수투자신탁(주식),TIGER AI코리아그로스액티브,2020/09/29,코스피,KRX,주식
KR7357870005,357870,미래에셋 TIGER CD금리투자KIS특별자산상장지수투자신탁(CD-파생형)(합성),TIGER CD금리투자KIS(합성),2020/07/07,KIS CD Index(총수익),KIS 채권평가,기타
KR7400970000,400970,미래에셋 TIGER Fn메타버스증권상장지수투자신탁(주식),TIGER Fn메타버스,2021/10/13,FnGuide 메타버스테마 지수,FnGuide,주식
KR7396500001,396500,미래에셋 TIGER Fn반도체TOP10증권상장지수투자신탁(주식),TIGER Fn반도체TOP10,2021/08/10,FnGuide 반도체TOP10 지수,FnGuide,주식
KR7377990007,377990,미래에셋 TIGER Fn신재생에너지증권상장지수투자신탁(주식),TIGER Fn신재생에너지,2021/03/05,FnGuide 신재생에너지 지수,FnGuide,주식
KR7417630001,417630,미래에셋 TIGER KEDI혁신기업ESG30증권상장지수투자신탁(주식),TIGER KEDI혁신기업ESG30,2022/02/08,KEDI 혁신기업ESG30 지수(시장가격 지수),한국경제신문,주식
KR7412560005,412560,미래에셋 TIGER KRX BBIG K-뉴딜레버리지증권상장지수투자신탁(주식-파생형),TIGER KRX BBIG K-뉴딜레버리지,2021/12/15,KRX BBIG K-뉴딜지수,KRX,주식
KR7364960005,364960,미래에셋 TIGER KRX BBIG K-뉴딜증권상장지수투자신탁(주식),TIGER KRX BBIG K-뉴딜,2020/10/07,KRX BBIG K-뉴딜지수,KRX,주식
KR7412570004,412570,미래에셋 TIGER KRX2차전지K-뉴딜레버리지증권상장지수투자신탁(주식-파생형),TIGER KRX2차전지K-뉴딜레버리지,2021/12/15,KRX 2차전지 K-뉴딜지수,KRX,주식
KR7364980003,364980,미래에셋 TIGER KRX2차전지K-뉴딜증권상장지수투자신탁(주식),TIGER KRX2차전지K-뉴딜,2020/10/07,KRX 2차전지 K-뉴딜지수,KRX,주식
KR7292160009,292160,미래에셋 TIGER KRX300증권상장지수투자신탁(주식),TIGER KRX300,2018/03/26,KRX 300,KRX,주식
KR7364990002,364990,미래에셋 TIGER KRX게임K-뉴딜증권상장지수투자신탁(주식),TIGER KRX게임K-뉴딜,2020/10/07,KRX 게임 K-뉴딜지수,KRX,주식
KR7404540007,404540,미래에셋 TIGER KRX기후변화솔루션증권상장지수투자신탁(주식),TIGER KRX기후변화솔루션,2021/10/29,KRX 기후변화 솔루션지수,KRX,주식
KR7364970004,364970,미래에셋 TIGER KRX바이오K-뉴딜증권상장지수투자신탁(주식),TIGER KRX바이오K-뉴딜,2020/10/07,KRX 바이오 K-뉴딜지수,KRX,주식
KR7365000009,365000,미래에셋 TIGER KRX인터넷K-뉴딜증권상장지수투자신탁(주식),TIGER KRX인터넷K-뉴딜,2020/10/07,KRX 인터넷 K-뉴딜지수,KRX,주식
KR7300610003,300610,미래에셋 TIGER K게임증권상장지수투자신탁(주식),TIGER K게임,2018/07/24,WISE K게임 테마 지수,WiseFn,주식
KR7138530001,138530,미래에셋 TIGER LG그룹+ 증권상장지수투자신탁(주식),TIGER LG그룹+펀더멘털,2011/03/10,MKF LG그룹+ FW,FnGuide,주식
KR7445910003,445910,미래에셋 TIGER MKF배당귀족증권상장지수투자신탁(주식),TIGER MKF배당귀족,2022/10/18,MKF 배당귀족 지수(시장가격지수),FnGuide,주식
KR7289260002,289260,미래에셋 TIGER MSCI KOREA ESG리더스증권상장지수투자신탁(주식),TIGER MSCI KOREA ESG리더스,2018/02/07,MSCI Korea Country ESG Leaders Capped Index,MSCI,주식
KR7289250003,289250,미래에셋 TIGER MSCI KOREA ESG유니버설증권상장지수투자신탁(주식),TIGER MSCI KOREA ESG유니버설,2018/02/07,MSCI Korea ESG Universal Index,MSCI,주식
KR7310970009,310970,미래에셋 TIGER MSCI Korea Total Return증권상장지수투자신탁(주식),TIGER MSCI Korea TR,2018/11/20,MSCI Korea TR Index,MSCI,주식
KR7143850006,143850,미래에셋 TIGER S&P500선물 증권상장지수투자신탁(주식-파생형),TIGER 미국S&P500선물(H),2011/07/18,S&P 500 Futures Index(ER),S&P,주식
KR7269370003,269370,미래에셋 TIGER S&P글로벌인프라증권상장지수투자신탁 (주식-파생형)(합성),TIGER S&P글로벌인프라(합성),2017/05/16,S&P Global Infrastructure Index,S&P,주식
KR7292150000,292150,미래에셋 TIGER TOP10증권상장지수투자신탁(주식),TIGER TOP10,2018/03/30,FnGuide TOP10 지수,FnGuide,주식
KR7139280002,139280,미래에셋 TIGER 경기방어 증권상장지수투자신탁(주식),TIGER 경기방어,2011/04/06,코스피 200 경기방어소비재,KRX,주식
KR7237440003,237440,미래에셋 TIGER 경기방어혼합 증권상장지수투자신탁(채권혼합),TIGER 경기방어채권혼합,2016/01/27,경기방어소비재 채권혼합 지수,KRX,혼합자산
KR7319640009,319640,미래에셋 TIGER 골드선물특별자산상장지수투자신탁(금-파생형)(H),TIGER 골드선물(H),2019/04/09,S&P GSCI Gold Index(TR),S&P,원자재
KR7160580007,160580,미래에셋 TIGER 구리실물 특별자산상장지수투자신탁(금속),TIGER 구리실물,2012/12/17,S&P GSCI Cash Copper Index,S&P,원자재
KR7114820004,114820,미래에셋 TIGER 국채3 증권상장지수투자신탁(채권),TIGER 국채3년,2009/08/27,KTB INDEX(시장가격),KRX,채권
KR7387270002,387270,미래에셋 TIGER 글로벌BBIG액티브증권상장지수투자신탁(주식-재간접형),TIGER 글로벌BBIG액티브,2021/05/25,NASDAQ 100,NASDAQ,주식
KR7440340008,440340,미래에셋 TIGER 글로벌멀티에셋TIF액티브증권상장지수투자신탁(채권혼합),TIGER 글로벌멀티에셋TIF액티브,2022/08/30,INDXX 멀티에셋인컴 지수(시장가격 지수),Indxx,혼합자산
KR7412770000,412770,미래에셋 TIGER 글로벌메타버스액티브증권상장지수투자신탁(주식),TIGER 글로벌메타버스액티브,2021/12/22,Indxx Global Metaverse Index (Price Return),Indxx,주식
KR7418670006,418670,미래에셋 TIGER 글로벌사이버보안INDXX증권상장지수투자신탁(주식),TIGER 글로벌사이버보안INDXX,2022/02/22,Indxx Cybersecurity 지수 (총수익),Indxx,주식
KR7371450008,371450,미래에셋 TIGER 글로벌클라우드컴퓨팅INDXX증권상장지수투자신탁(주식-파생형),TIGER 글로벌클라우드컴퓨팅INDXX,2020/12/08,Indxx Global Cloud Computing Index(Net Total Return),Indxx,주식
KR7248270001,248270,미래에셋 TIGER 글로벌헬스케어 증권상장지수투자신탁(주식-파생형)(합성),TIGER S&P글로벌헬스케어(합성),2016/07/01,S&P Global 1200 Health Care Index,S&P,주식
KR7139310007,139310,미래에셋 TIGER 금속선물 특별자산상장지수투자신탁(금속-파생형),TIGER 금속선물(H),2011/04/08,S&P GSCI Industrial Metals Select Index(TR),S&P,원자재
KR7139320006,139320,미래에셋 TIGER 금은선물 특별자산상장지수투자신탁(금속-파생형),TIGER 금은선물(H),2011/04/08,S&P GSCI Precious Metals Index(TR),S&P,원자재
KR7137610002,137610,미래에셋 TIGER 농산물선물 특별자산상장지수투자신탁(농산물-파생형),TIGER 농산물선물Enhanced(H),2011/01/11,S&P GSCI Agriculture Enhanced Index(ER),S&P,원자재
KR7272580002,272580,미래에셋 TIGER 단기채권액티브증권상장지수투자신탁(채권),TIGER 단기채권액티브,2017/06/29,KIS MSB 3M PLUS 지수(총수익),KIS 채권평가,채권
KR7157450008,157450,미래에셋 TIGER 단기통안채증권상장지수투자신탁(채권),TIGER 단기통안채,2012/05/16,KIS 통안채 3개월(총수익),KIS 채권평가,채권
KR7105010003,105010,미래에셋 TIGER 라틴 증권상장지수투자신탁(주식),TIGER 라틴35,2008/08/27,BNY Latin America 35 ADR,BNY Mellon,주식
KR7123320004,123320,미래에셋 TIGER 레버리지 증권상장지수투자신탁(주식-파생형),TIGER 레버리지,2010/04/09,코스피 200,KRX,주식
KR7341850006,341850,미래에셋 TIGER 리츠부동산인프라채권TR KIS부동산상장지수투자신탁(재간접형),TIGER 리츠부동산인프라채권TR KIS,2020/05/22,KIS 리츠부동산인프라채권TR 지수,KIS 채권평가,혼합자산
KR7329200000,329200,미래에셋 TIGER 리츠부동산인프라혼합자산상장지수투자신탁(재간접형),TIGER 리츠부동산인프라,2019/07/19,FnGuide 리츠부동산인프라,FnGuide,부동산
KR7147970008,147970,미래에셋 TIGER 모멘텀 증권상장지수투자신탁(주식),TIGER 모멘텀,2011/10/26,FnGuide 모멘텀 지수,FnGuide,주식
KR7448290007,448290,미래에셋 TIGER 미국S&P500TotalReturn증권상장지수투자신탁(주식-파생형)(H),TIGER 미국S&P500TR(H),2022/11/25,S&P 500 Total Return Index,S&P,주식
KR7429000003,429000,미래에셋 TIGER 미국S&P500배당귀족증권상장지수투자신탁(주식),TIGER 미국S&P500배당귀족,2022/05/17,S&P 500 Dividend Aristocrats 지수 (Price Return),S&P,주식
KR7360750004,360750,미래에셋 TIGER 미국S&P500증권상장지수투자신탁(주식),TIGER 미국S&P500,2020/08/07,S&P 500,S&P,주식
KR7435420005,435420,미래에셋 TIGER 미국나스닥100TR채권혼합Fn증권상장지수투자신탁(채권혼합),TIGER 미국나스닥100TR채권혼합Fn,2022/07/06,FnGuide 나스닥100 채권혼합 지수(총수익 지수),FnGuide,혼합자산
KR7448300004,448300,미래에셋 TIGER 미국나스닥100TotalReturn증권상장지수투자신탁(주식-파생형)(H),TIGER 미국나스닥100TR(H),2022/11/25,NASDAQ-100 Total Return Index,NASDAQ,주식
KR7418660007,418660,미래에셋 TIGER 미국나스닥100레버리지증권상장지수투자신탁(주식혼합-파생형)(합성),TIGER 미국나스닥100레버리지(합성),2022/02/22,NASDAQ 100,NASDAQ,주식
KR7133690008,133690,미래에셋 TIGER 미국나스닥100증권상장지수투자신탁(주식),TIGER 미국나스닥100,2010/10/18,NASDAQ 100,NASDAQ,주식
KR7441680006,441680,미래에셋 TIGER 미국나스닥100커버드콜증권상장지수투자신탁(주식-파생형)(합성),TIGER 미국나스닥100커버드콜(합성),2022/09/22,Cboe Nasdaq-100 BuyWrite V2 지수 (Total Return),NASDAQ,주식
KR7429010002,429010,미래에셋 TIGER 미국나스닥넥스트100증권상장지수투자신탁(주식),TIGER 미국나스닥넥스트100,2022/05/17,Nasdaq Next Generation 100 지수 (Price Return),NASDAQ,주식
KR7245340005,245340,미래에셋 TIGER 미국다우존스30 증권상장지수투자신탁(주식-파생형),TIGER 미국다우존스30,2016/07/01,Dow Jones Industrial Average,S&P,주식
KR7329750004,329750,미래에셋 TIGER 미국달러단기채권액티브증권상장지수투자신탁(채권-파생형),TIGER 미국달러단기채권액티브,2019/07/24,KIS U.S. TREASURY BOND 0-1Y 지수(총수익),KIS 채권평가,채권
KR7261110001,261110,미래에셋 TIGER 미국달러선물레버리지특별자산상장지수투자신탁(달러-파생형),TIGER 미국달러선물레버리지,2016/12/27,미국달러선물지수,KRX,통화
KR7261120000,261120,미래에셋 TIGER 미국달러선물인버스2X특별자산상장지수투자신탁(달러-파생형),TIGER 미국달러선물인버스2X,2016/12/27,미국달러선물지수,KRX,통화
KR7305080004,305080,미래에셋 TIGER 미국채10년선물증권상장지수투자신탁(채권-파생형),TIGER 미국채10년선물,2018/08/30,S&P 10-Year U.S. Treasury Note Futures(ER),S&P,채권
KR7381170000,381170,미래에셋 TIGER 미국테크TOP10 INDXX증권상장지수투자신탁(주식),TIGER 미국테크TOP10 INDXX,2021/04/09,Indxx US Tech Top 10 Index,Indxx,주식
KR7381180009,381180,미래에셋 TIGER 미국필라델피아반도체나스닥증권상장지수투자신탁(주식),TIGER 미국필라델피아반도체나스닥,2021/04/09,PHLX Semiconductor Sector Index,NASDAQ,주식
KR7228810008,228810,미래에셋 TIGER 미디어컨텐츠 증권상장지수투자신탁(주식),TIGER 미디어컨텐츠,2015/10/07,WISE 미디어컨텐츠 지수,WiseFn,주식
KR7091230003,091230,미래에셋 TIGER 반도체 증권상장지수투자신탁(주식),TIGER 반도체,2006/06/27,KRX 반도체,KRX,주식
KR7098560006,098560,미래에셋 TIGER 방송통신증권상장지수투자신탁(주식),TIGER 방송통신,2007/09/07,KRX 방송통신,KRX,주식
KR7138520002,138520,미래에셋 TIGER 삼성그룹 증권상장지수투자신탁(주식),TIGER 삼성그룹펀더멘털,2011/03/07,MKF SAMs FW,FnGuide,주식
KR7157490004,157490,미래에셋 TIGER 소프트웨어 증권상장지수투자신탁(주식),TIGER 소프트웨어,2012/05/16,FnGuide 소프트웨어 지수,FnGuide,주식
KR7228800009,228800,미래에셋 TIGER 여행레저 증권상장지수투자신탁(주식),TIGER 여행레저,2015/10/07,WISE 여행레저 지수,WiseFn,주식
KR7227570009,227570,미래에셋 TIGER 우량가치 증권상장지수투자신탁(주식),TIGER 우량가치,2015/09/23,FnGuide 퀄리티밸류 지수,FnGuide,주식
KR7261140008,261140,미래에셋 TIGER 우선주증권상장지수투자신탁(주식),TIGER 우선주,2017/01/06,코스피 우선주 지수,KRX,주식
KR7130680002,130680,미래에셋 TIGER 원유선물 특별자산상장지수투자신탁(원유-파생형),TIGER 원유선물Enhanced(H),2010/08/02,S&P GSCI Crude Oil Enhanced Index ER,S&P,원자재
KR7245350004,245350,미래에셋 TIGER 유로스탁스배당30 증권상장지수투자신탁(주식-파생형),TIGER 유로스탁스배당30,2016/07/01,Euro STOXX Select Dividend 30,STOXX,주식
KR7091220004,091220,미래에셋 TIGER 은행 증권상장지수투자신탁(주식),TIGER 은행,2006/06/27,KRX 은행,KRX,주식
KR7307510008,307510,미래에셋 TIGER 의료기기증권상장지수투자신탁(주식),TIGER 의료기기,2018/11/08,FnGuide 의료기기 지수,FnGuide,주식
KR7236350005,236350,미래에셋 TIGER 인도레버리지증권상장지수투자신탁(주식혼합-파생형)(합성),TIGER 인도니프티50레버리지(합성),2016/05/13,Nifty 50 Index,IISL(India Index Services and Products Ltd),주식
KR7123310005,123310,미래에셋 TIGER 인버스 증권상장지수투자신탁(주식-파생형),TIGER 인버스,2010/03/29,코스피 200 선물지수,KRX,주식
KR7241180009,241180,미래에셋 TIGER 일본니케이225증권상장지수투자신탁(주식-파생형),TIGER 일본니케이225,2016/03/31,Nikkei 225,Nikkei,주식
KR7292560000,292560,미래에셋 TIGER 일본엔선물특별자산상장지수투자신탁(엔-파생형),TIGER 일본엔선물,2018/04/17,엔선물지수,KRX,통화
KR7150460004,150460,미래에셋 TIGER 중국소비테마 증권상장지수투자신탁(주식),TIGER 중국소비테마,2011/12/16,FnGuide 중국내수테마 지수,FnGuide,주식
KR7302190004,302190,미래에셋 TIGER 중장기국채증권상장지수투자신탁(채권-파생형),TIGER 중장기국채,2018/07/20,KIS 국채 3-10년 지수(시장가격지수),KIS 채권평가,채권
KR7157500000,157500,미래에셋 TIGER 증권 증권상장지수투자신탁(주식),TIGER 증권,2012/05/16,FnGuide 증권 지수,FnGuide,주식
KR7307520007,307520,미래에셋 TIGER 지주회사증권상장지수투자신탁(주식),TIGER 지주회사,2018/11/08,FnGuide 지주회사 지수,FnGuide,주식
KR7117690008,117690,미래에셋 TIGER 차이나 증권상장지수투자신탁(주식),TIGER 차이나항셍25,2009/10/21,Hang Seng China (Hong Kong-listed) 25 Index,HangSeng,주식
KR7245360003,245360,미래에셋 TIGER 차이나HSCEI증권상장지수투자신탁(주식-파생형),TIGER 차이나HSCEI,2016/06/16,Hang Seng China H,HangSeng,주식
KR7414780007,414780,미래에셋 TIGER 차이나과창판STAR50증권상장지수투자신탁(주식-파생형)(합성),TIGER 차이나과창판STAR50(합성),2022/01/13,STAR 50 Index(Price Return),CSI,주식
KR7371470006,371470,미래에셋 TIGER 차이나바이오테크SOLACTIVE증권상장지수투자신탁(주식-파생형),TIGER 차이나바이오테크SOLACTIVE,2020/12/08,Solactive China Biotech Index(Net Total Return),Solactive,주식
KR7396520009,396520,미래에셋 TIGER 차이나반도체FACTSET증권상장지수투자신탁(주식-파생형),TIGER 차이나반도체FACTSET,2021/08/10,FactSet China Semiconductor 지수(Net Total Return),FACTSET,주식
KR7371460007,371460,미래에셋 TIGER 차이나전기차SOLACTIVE증권상장지수투자신탁(주식-파생형),TIGER 차이나전기차SOLACTIVE,2020/12/08,Solactive China Electric Vehicle Index(Net Total Return),Solactive,주식
KR7396510000,396510,미래에셋 TIGER 차이나클린에너지SOLACTIVE증권상장지수투자신탁(주식-파생형),TIGER 차이나클린에너지SOLACTIVE,2021/08/10,Solactive China Clean Energy 지수(Net Total Return),Solactive,주식
KR7438320004,438320,미래에셋 TIGER 차이나항셍테크레버리지증권상장지수투자신탁(주식혼합-파생)(합성 H),TIGER 차이나항셍테크레버리지(합성 H),2022/08/23,Hang Seng TECH Index,HangSeng,주식
KR7371160003,371160,미래에셋 TIGER 차이나항셍테크증권상장지수투자신탁(주식),TIGER 차이나항셍테크,2020/12/16,Hang Seng TECH Index,HangSeng,주식
KR7166400002,166400,미래에셋 TIGER 커버드콜5%OTM증권상장지수투자신탁(주식-파생형),TIGER 200커버드콜5%OTM,2012/10/25,코스피 200 커버드콜 5% OTM,KRX,주식
KR7233160001,233160,미래에셋 TIGER 코스닥150 레버리지증권상장지수투자신탁(주식-파생형),TIGER 코스닥150 레버리지,2015/12/17,코스닥 150,KRX,주식
KR7232080002,232080,미래에셋 TIGER 코스닥150 증권상장지수투자신탁(주식),TIGER 코스닥150,2015/11/12,코스닥 150,KRX,주식
KR7261060008,261060,미래에셋 TIGER 코스닥150IT증권상장지수투자신탁(주식),TIGER 코스닥150IT,2016/12/15,코스닥 150 정보기술,KRX,주식
KR7261070007,261070,미래에셋 TIGER 코스닥150바이오테크증권상장지수투자신탁(주식),TIGER 코스닥150바이오테크,2016/12/15,코스닥 150 헬스케어,KRX,주식
KR7250780004,250780,미래에셋 TIGER 코스닥150인버스증권상장지수투자신탁(주식-파생형),TIGER 코스닥150선물인버스,2016/08/10,F-코스닥150 지수,KRX,주식
KR7277640009,277640,미래에셋 TIGER 코스피대형주증권상장지수투자신탁(주식),TIGER 코스피대형주,2017/08/31,코스피 대형주,KRX,주식
KR7277650008,277650,미래에셋 TIGER 코스피중형주증권상장지수투자신탁(주식),TIGER 코스피중형주,2017/08/31,코스피 중형주,KRX,주식
KR7277630000,277630,미래에셋 TIGER 코스피증권상장지수투자신탁(주식),TIGER 코스피,2017/08/31,코스피,KRX,주식
KR7376410007,376410,미래에셋 TIGER 탄소효율그린뉴딜증권상장지수투자신탁(주식),TIGER 탄소효율그린뉴딜,2021/02/05,KRX/S&P 탄소효율 그린뉴딜지수,KRX,주식
KR7447770009,447770,미래에셋 TIGER 테슬라채권혼합Fn증권상장지수투자신탁(채권혼합),TIGER 테슬라채권혼합Fn,2022/11/29,FnGuide 테슬라채권혼합 지수,FnGuide,혼합자산
KR7438330003,438330,미래에셋 TIGER 투자등급회사채액티브증권상장지수투자신탁(채권),TIGER 투자등급회사채액티브,2022/08/23,KIS 투자등급회사채 지수(총수익),KIS 채권평가,채권
KR7387280001,387280,미래에셋 TIGER 퓨처모빌리티액티브증권상장지수투자신탁(주식),TIGER 퓨처모빌리티액티브,2021/05/25,FnGuide 퓨처모빌리티 지수,FnGuide,주식
KR7449690007,449690,미래에셋 TIGER 한중반도체증권상장지수투자신탁(주식-파생형)(합성),TIGER 한중반도체(합성),2022/12/22,KRX CSI 한·중 반도체지수,KRX,주식
KR7449680008,449680,미래에셋 TIGER 한중전기차증권상장지수투자신탁(주식-파생형)(합성),TIGER 한중전기차(합성),2022/12/22,KRX CSI 한·중 전기차지수,KRX,주식
KR7143860005,143860,미래에셋 TIGER 헬스케어 증권상장지수투자신탁(주식),TIGER 헬스케어,2011/07/18,KRX 헬스케어,KRX,주식
KR7138540000,138540,미래에셋 TIGER 현대차그룹+ 증권상장지수투자신탁(주식),TIGER 현대차그룹+펀더멘털,2011/03/10,MKF 현대차그룹+ FW,FnGuide,주식
KR7228790002,228790,미래에셋 TIGER 화장품 증권상장지수투자신탁(주식),TIGER 화장품,2015/10/07,WISE 화장품 지수,WiseFn,주식
KR7394670004,394670,미래에셋 TIGER글로벌리튬&2차전지SOLACTIVE증권상장지수투자신탁(주식-파생형)(합성),TIGER 글로벌리튬&2차전지SOLACTIVE(합성),2021/07/20,Solactive Global Lithium 지수(Net Total Return),Solactive,주식
KR7394660005,394660,미래에셋 TIGER글로벌자율주행&전기차SOLACTIVE증권상장지수투자신탁(주식-파생형),TIGER 글로벌자율주행&전기차SOLACTIVE,2021/07/20,Solactive Autonomous & Electric Vehicles 지수(Net Total Return),Solactive,주식
KR7276000007,276000,미래에셋 TIGER모닝스타글로벌자원생산기업증권상장지수투자신탁(주식-파생형)(합성H),TIGER 글로벌자원생산기업(합성 H),2017/08/01,MorningStar Global Upstream Resources Index(PR),MorningStar,주식
KR7449170000,449170,미래에셋TIGER KOFR금리액티브증권상장지수투자신탁(채권혼합-파생형)(합성),TIGER KOFR금리액티브(합성),2022/11/30,KOFR 지수,한국예탁결제원,기타
KR7139260004,139260,미래에셋TIGER200IT증권상장지수투자신탁(주식),TIGER 200 IT,2011/04/06,코스피 200 정보기술,KRX,주식
KR7139220008,139220,미래에셋TIGER200건설증권상장지수투자신탁(주식),TIGER 200 건설,2011/04/06,코스피 200 건설,KRX,주식
KR7139290001,139290,미래에셋TIGER200경기소비재증권상장지수투자신탁(주식),TIGER 200 경기소비재,2011/04/06,코스피 200 경기소비재,KRX,주식
KR7139270003,139270,미래에셋TIGER200금융증권상장지수투자신탁(주식),TIGER 200 금융,2011/04/06,코스피 200 금융,KRX,주식
KR7139250005,139250,미래에셋TIGER200에너지화학증권상장지수투자신탁(주식),TIGER 200 에너지화학,2011/04/06,코스피 200 에너지/화학,KRX,주식
KR7139230007,139230,미래에셋TIGER200중공업증권상장지수투자신탁(주식),TIGER 200 중공업,2011/04/06,코스피 200 중공업,KRX,주식
KR7139240006,139240,미래에셋TIGER200철강소재증권상장지수투자신탁(주식),TIGER 200 철강소재,2011/04/06,코스피 200 철강/소재,KRX,주식
KR7228820007,228820,미래에셋TIGERKTOP30증권상장지수투자신탁(주식),TIGER KTOP30,2015/10/14,KTOP 30,KRX,주식
KR7225060003,225060,미래에셋TIGERMSCIEM레버리지증권상장지수투자신탁(주식혼합-파생형)(합성 H),TIGER 이머징마켓MSCI레버리지(합성 H),2015/07/29,MSCI EM Index,MSCI,주식
KR7182480004,182480,미래에셋TIGERMSCIUS리츠부동산상장지수투자신탁(파생형)(합성 H),TIGER 미국MSCI리츠(합성 H),2013/10/10,MSCI US REIT Index,MSCI,부동산
KR7225040005,225040,미래에셋TIGERS&P500레버리지증권상장지수투자신탁(주식혼합-파생형)(합성 H),TIGER 미국S&P500레버리지(합성 H),2015/07/29,S&P 500,S&P,주식
KR7225030006,225030,미래에셋TIGERS&P500인버스선물증권상장지수투자신탁(주식-파생형)(H),TIGER 미국S&P500선물인버스(H),2015/07/29,S&P 500 Futures Total Return Index,S&P,주식
KR7203780002,203780,미래에셋TIGER나스닥바이오증권상장지수투자신탁(주식),TIGER 미국나스닥바이오,2014/08/27,NASDAQ Biotechnology 지수(시장가격지수),NASDAQ,주식
KR7182490003,182490,미래에셋TIGER단기선진국하이일드증권상장지수투자신탁(채권-파생형)(합성 H),TIGER 단기선진하이일드(합성 H),2014/03/24,Markit iBoxx USD Liquid High Yield 0-5 year 지수,Markit,채권
KR7174350009,174350,미래에셋TIGER로우볼증권상장지수투자신탁(주식),TIGER 로우볼,2013/06/20,FnGuide Low Vol 지수,FnGuide,주식
KR7275980001,275980,미래에셋TIGER모닝스타글로벌4차산업혁신기술증권상장지수투자신탁(주식-파생형)합성H,TIGER 글로벌4차산업혁신기술(합성 H),2017/08/01,MorningStar Exponential Technologies Index(PR),MorningStar,주식
KR7211560008,211560,미래에셋TIGER배당성장증권상장지수투자신탁(주식),TIGER 배당성장,2014/12/17,코스피 배당성장 50,KRX,주식
KR7217770007,217770,미래에셋TIGER원유인버스선물특별자산상장지수투자신탁(원유-파생형)(H),TIGER 원유선물인버스(H),2015/04/29,S&P GSCI Crude Oil Index ER,S&P,원자재
KR7225050004,225050,미래에셋TIGER유로스탁스50레버리지증권상장지수투자신탁(주식혼합-파생형)(합성 H),TIGER 유로스탁스레버리지(합성 H),2015/07/29,EURO STOXX 50 Index,STOXX,주식
KR7195930003,195930,미래에셋TIGER유로스탁스50증권상장지수투자신탁(주식-파생형)(합성 H),TIGER 유로스탁스50(합성 H),2014/04/30,EURO STOXX 50 Index,STOXX,주식
KR7195920004,195920,미래에셋TIGER일본증권상장지수투자신탁(주식-파생형)(합성 H),TIGER 일본TOPIX(합성 H),2014/04/30,TOPIX,TSE(Tokyo Stock Exchange),주식
KR7192090009,192090,미래에셋TIGER차이나A300증권상장지수자투자신탁(주식-파생형),TIGER 차이나CSI300,2014/02/17,CSI 300 Index,CSI,주식
KR7204480008,204480,미래에셋TIGER차이나A레버리지증권상장지수투자신탁(주식혼합-파생재간접형)(합성),TIGER 차이나CSI300레버리지(합성),2014/09/01,CSI 300 Index,CSI,주식
KR7217780006,217780,미래에셋TIGER차이나A인버스증권상장지수투자신탁(채권혼합-파생형)(합성),TIGER 차이나CSI300인버스(합성),2015/06/10,CSI 300 Index,CSI,주식
KR7210780003,210780,미래에셋TIGER코스피고배당증권상장지수투자신탁(주식),TIGER 코스피고배당,2014/12/05,코스피 고배당 50,KRX,주식
KR7423920008,423920,미래에셋TIGER필라델피아반도체레버리지증권상장지수투자신탁(주식혼합-파생형)(합성),TIGER 미국필라델피아반도체레버리지(합성),2022/04/19,PHLX Semiconductor Sector Index,NASDAQ,주식
KR7448570002,448570,브이아이 FOCUS AI코리아액티브증권상장지수투자신탁[주식],FOCUS AI코리아액티브,2022/11/15,코스피,KRX,주식
KR7285690004,285690,브이아이 FOCUS ESG Leaders150증권상장지수투자신탁[주식],FOCUS ESG리더스,2017/12/13,KRX ESG Leaders 150,KRX,주식
KR7292730009,292730,브이아이 FOCUS KRX300증권상장지수투자신탁[주식],FOCUS KRX300,2018/03/26,KRX 300,KRX,주식
KR7402520001,402520,브이아이 FOCUS 혁신기업액티브증권상장지수투자신탁[주식],FOCUS 혁신기업액티브,2021/09/30,코스피,KRX,주식
KR7278530001,278530,삼성 KODEX 200 Total Return증권상장지수투자신탁[주식],KODEX 200TR,2017/11/21,코스피 200 TR,KRX,주식
KR7226980001,226980,삼성 KODEX 200 중소형 증권상장지수투자신탁(주식),KODEX 200 중소형,2015/09/01,코스피 200 중소형주지수,KRX,주식
KR7337160006,337160,삼성 KODEX 200ESG증권상장지수투자신탁[주식],KODEX 200ESG,2019/11/14,코스피 200 ESG 지수,KRX,주식
KR7363580002,363580,삼성 KODEX 200IT Total Return증권상장지수투자신탁[주식],KODEX 200IT TR,2020/09/25,코스피200 정보기술 TR,KRX,주식
KR7337150007,337150,삼성 KODEX 200exTOP증권상장지수투자신탁[주식],KODEX 200exTOP,2019/11/14,코스피 200 초대형제외 지수,KRX,주식
KR7223190000,223190,삼성 KODEX 200가치저변동증권상장지수투자신탁[주식],KODEX 200가치저변동,2015/06/26,코스피 200 가치저변동성,KRX,주식
KR7237350004,237350,삼성 KODEX 200대형증권상장지수투자신탁(주식),KODEX 코스피100,2016/01/27,코스피 100,KRX,주식
KR7252650007,252650,삼성 KODEX 200동일가중증권상장지수투자신탁[주식],KODEX 200동일가중,2016/09/20,코스피 200 동일가중지수,KRX,주식
KR7360140008,360140,삼성 KODEX 200롱코스닥150숏선물증권상장지수투자신탁[주식-파생형],KODEX 200롱코스닥150숏선물,2020/08/21,코스피200 롱 100% 코스닥150 숏 100% 선물지수,KRX,주식
KR7252670005,252670,삼성 KODEX 200선물인버스2X증권상장지수투자신탁(주식-파생형),KODEX 200선물인버스2X,2016/09/22,코스피 200 선물지수,KRX,주식
KR7448310003,448310,삼성 KODEX 23-12 국고채액티브증권상장지수투자신탁[채권],KODEX 23-12 국고채액티브,2022/11/22,KAP 23-12 국고채 총수익지수,한국자산평가(KAP),채권
KR7448320002,448320,삼성 KODEX 23-12 은행채(AA+이상)액티브증권상장지수투자신탁[채권],KODEX 23-12 은행채(AA+이상)액티브,2022/11/22,KAP 23-12 은행채 총수익지수,한국자산평가(KAP),채권
KR7305720005,305720,삼성 KODEX 2차전지산업증권상장지수투자신탁[주식],KODEX 2차전지산업,2018/09/12,FnGuide 2차전지 산업 지수,FnGuide,주식
KR7271060006,271060,삼성 KODEX 3대농산물선물특별자산상장지수투자신탁[농산물-파생형](H),KODEX 3대농산물선물(H),2017/06/13,S&P GSCI Grains Select Index ER,S&P,원자재
KR7439860008,439860,삼성 KODEX ESG종합채권(A-이상)액티브증권상장지수투자신탁[채권],KODEX ESG종합채권(A-이상)액티브,2022/08/23,"KAP ESG 종합채권지수(A- 이상, 총수익)",한국자산평가(KAP),채권
KR7368680005,368680,삼성 KODEX Fn K-뉴딜디지털플러스증권상장지수투자신탁[주식],KODEX Fn K-뉴딜디지털플러스,2020/11/10,FnGuide K-뉴딜 디지털 플러스 지수,FnGuide,주식
KR7395170004,395170,삼성 KODEX Fn Top10동일가중증권상장지수투자신탁[주식],KODEX Fn Top10동일가중,2021/07/30,FnGuide TOP10 동일가중 지수,FnGuide,주식
KR7337120000,337120,삼성 KODEX Fn멀티팩터증권상장지수투자신탁[주식],KODEX Fn멀티팩터,2019/11/14,FnGuide 멀티팩터 지수,FnGuide,주식
KR7325010007,325010,삼성 KODEX Fn성장증권상장지수투자신탁[주식형],KODEX Fn성장,2019/05/31,FnGuide 성장 지수(PR),FnGuide,주식
KR7395160005,395160,삼성 KODEX Fn시스템반도체증권상장지수투자신탁[주식],KODEX Fn시스템반도체,2021/07/30,FnGuide 시스템반도체 지수,FnGuide,주식
KR7395150006,395150,삼성 KODEX Fn웹툰&드라마증권상장지수투자신탁[주식],KODEX Fn웹툰&드라마,2021/07/30,FnGuide 웹툰&드라마 지수,FnGuide,주식
KR7266370006,266370,삼성 KODEX IT증권상장지수투자신탁(주식),KODEX IT,2017/03/28,KRX 정보기술,KRX,주식
KR7101280006,101280,삼성 KODEX Japan 증권상장지수투자신탁[주식],KODEX 일본TOPIX100,2008/02/20,TOPIX100,TSE(Tokyo Stock Exchange),주식
KR7445290000,445290,삼성 KODEX K-로봇액티브증권상장지수투자신탁[주식],KODEX K-로봇액티브,2022/11/15,iSelect K-로봇테마 지수,NH투자증권,주식
KR7401470000,401470,삼성 KODEX K-메타버스액티브증권상장지수투자신탁[주식],KODEX K-메타버스액티브,2021/10/13,FnGuide K-메타버스 지수,FnGuide,주식
KR7385520002,385520,삼성 KODEX K-미래차액티브증권상장지수투자신탁[주식],KODEX K-미래차액티브,2021/05/25,FnGuide K-미래차 지수,FnGuide,주식
KR7385510003,385510,삼성 KODEX K-신재생에너지액티브증권상장지수투자신탁[주식],KODEX K-신재생에너지액티브,2021/05/25,FnGuide K-신재생에너지 플러스 지수,FnGuide,주식
KR7373490002,373490,삼성 KODEX K-이노베이션액티브증권상장지수투자신탁[주식],KODEX K-이노베이션액티브,2020/12/24,FnGuide K-이노베이션 지수,FnGuide,주식
KR7445150006,445150,삼성 KODEX K-친환경선박액티브증권상장지수투자신탁[주식],KODEX K-친환경선박액티브,2022/11/15,FnGuide K-친환경 선박 지수,FnGuide,주식
KR7423160001,423160,삼성 KODEX KOFR금리액티브특별자산상장지수투자신탁[금리-파생형](합성),KODEX KOFR금리액티브(합성),2022/04/26,KOFR 지수,한국예탁결제원,기타
KR7306950007,306950,삼성 KODEX KRX300레버리지증권상장지수투자신탁[주식-파생형],KODEX KRX300레버리지,2018/10/16,KRX 300,KRX,주식
KR7292190006,292190,삼성 KODEX KRX300증권상장지수투자신탁[주식형],KODEX KRX300,2018/03/26,KRX 300,KRX,주식
KR7404260002,404260,삼성 KODEX KRX기후변화솔루션증권상장지수투자신탁[주식],KODEX KRX기후변화솔루션,2021/10/29,KRX 기후변화 솔루션지수,KRX,주식
KR7229720008,229720,삼성 KODEX KTOP30 증권상장지수투자신탁[주식],KODEX KTOP30,2015/10/14,KTOP 30,KRX,주식
KR7289040008,289040,삼성 KODEX MSCI ESG유니버설증권상장지수투자신탁[주식형],KODEX MSCI KOREA ESG유니버설,2018/02/07,MSCI Korea ESG Universal Capped Index,MSCI,주식
KR7156080004,156080,삼성 KODEX MSCI KOREA 증권상장지수투자신탁[주식],KODEX MSCI Korea,2012/04/30,MSCI Korea Index,MSCI,주식
KR7278540000,278540,삼성 KODEX MSCI Korea Total Return증권상장지수투자신탁[주식],KODEX MSCI Korea TR,2017/11/09,MSCI Korea TR Index,MSCI,주식
KR7275280006,275280,삼성 KODEX MSCI모멘텀증권상장지수투자신탁[주식형],KODEX MSCI모멘텀,2017/07/11,MSCI Korea IMI Momentum Capped,MSCI,주식
KR7275290005,275290,삼성 KODEX MSCI밸류증권상장지수투자신탁[주식형],KODEX MSCI밸류,2017/07/11,MSCI Korea IMI Enhanced Value Capped,MSCI,주식
KR7275300002,275300,삼성 KODEX MSCI퀄리티증권상장지수투자신탁[주식형],KODEX MSCI퀄리티,2017/07/11,MSCI Korea IMI Quality Capped,MSCI,주식
KR7269420006,269420,삼성 KODEX S&P글로벌인프라증권상장지수투자신탁[주식-파생형](합성),KODEX S&P글로벌인프라(합성),2017/05/16,S&P Global Infrastructure Index,S&P,주식
KR7291890002,291890,삼성 KODEX SGX MSCI EM 선물증권상장지수투자신탁[주식-파생형](H),KODEX MSCI EM선물(H),2018/03/23,iEdge Emerging Markets Futures Index(ER),SGX(Singapore Exchange),주식
KR7433970001,433970,삼성 KODEX TDF2030액티브증권상장지수투자신탁[혼합-재간접형],KODEX TDF2030액티브,2022/06/30,Samsung Korea Target Date 2030 Index (Price Return),S&P,혼합자산
KR7433980000,433980,삼성 KODEX TDF2040액티브증권상장지수투자신탁[혼합-재간접형],KODEX TDF2040액티브,2022/06/30,Samsung Korea Target Date 2040 Index (Price Return),S&P,혼합자산
KR7434060000,434060,삼성 KODEX TDF2050액티브증권상장지수투자신탁[혼합-재간접형],KODEX TDF2050액티브,2022/06/30,Samsung Korea Target Date 2050 Index (Price Return),S&P,혼합자산
KR7329650006,329650,삼성 KODEX TRF3070증권상장지수투자신탁[채권혼합],KODEX TRF3070,2019/07/04,FnGuide TRF 3070 지수,FnGuide,혼합자산
KR7329660005,329660,삼성 KODEX TRF5050증권상장지수투자신탁[주식혼합-재간접],KODEX TRF5050,2019/07/04,FnGuide TRF 5050 지수,FnGuide,혼합자산
KR7329670004,329670,삼성 KODEX TRF7030증권상장지수투자신탁[주식혼합-재간접],KODEX TRF7030,2019/07/04,FnGuide TRF 7030 지수,FnGuide,혼합자산
KR7352540009,352540,삼성 KODEX TSE일본리츠부동산상장지수투자신탁[REITs-파생재간접형](H),KODEX TSE일본리츠(H),2020/05/13,Tokyo Stock Exchange REIT Index,TSE(Tokyo Stock Exchange),부동산
KR7315930008,315930,삼성 KODEX Top5Plus Total Return증권상장지수투자신탁[주식형],KODEX Top5PlusTR,2019/01/22,FnGuide TOP 5 Plus Total Return 지수,FnGuide,주식
KR7271050007,271050,삼성 KODEX WTI원유선물인버스특별자산상장지수투자신탁(원유-파생형)(H),KODEX WTI원유선물인버스(H),2017/06/13,S&P GSCI Crude Oil Index ER,S&P,원자재
KR7261220008,261220,삼성 KODEX WTI원유선물특별자산상장지수투자신탁[원유-파생형](H),KODEX WTI원유선물(H),2016/12/27,S&P GSCI Crude Oil Index ER,S&P,원자재
KR7300950003,300950,삼성 KODEX 게임산업증권상장지수투자신탁[주식],KODEX 게임산업,2018/07/24,FnGuide 게임 산업 지수,FnGuide,주식
KR7266390004,266390,삼성 KODEX 경기소비재증권상장지수투자신탁[주식형],KODEX 경기소비재,2017/03/28,KRX 경기소비재,KRX,주식
KR7279530000,279530,삼성 KODEX 고배당증권상장지수투자신탁[주식],KODEX 고배당,2017/10/17,FnGuide 고배당 Plus 지수,FnGuide,주식
KR7280940008,280940,삼성 KODEX 골드선물인버스특별자산상장지수투자신탁[금-파생형](H),KODEX 골드선물인버스(H),2017/11/09,S&P GSCI GOLD Index Excess Return,S&P,원자재
KR7132030008,132030,삼성 KODEX 골드선물특별자산상장지수투자신탁(금-파생형)(H),KODEX 골드선물(H),2010/10/01,S&P GSCI Gold Index(TR),S&P,원자재
KR7138910005,138910,삼성 KODEX 구리선물특별자산상장지수투자신탁(구리-파생형)(H),KODEX 구리선물(H),2011/03/15,S&P GSCI North American Copper Index(TR),S&P,원자재
KR7439870007,439870,삼성 KODEX 국고채30년액티브증권상장지수투자신탁[채권],KODEX 국고채30년액티브,2022/08/23,KAP 국고채 30년 총수익 지수,한국자산평가(KAP),채권
KR7114260003,114260,삼성 KODEX 국고채권 증권상장지수투자신탁[채권],KODEX 국고채3년,2009/07/29,MKF 국고채지수(총수익),FnGuide,채권
KR7292770005,292770,삼성 KODEX 국채선물3년인버스증권상장지수투자신탁[채권-파생형],KODEX 국채선물3년인버스,2018/04/13,국채선물지수,KRX,채권
KR7276990009,276990,삼성 KODEX 글로벌4차산업로보틱스증권상장지수투자신탁(주식-파생형)(합성),KODEX 글로벌4차산업로보틱스(합성),2017/08/17,ROBO Global Robotics & Automation UCITS Price Return Index,ROBO Global,주식
KR7102960002,102960,삼성 KODEX 기계장비증권상장지수투자신탁[주식],KODEX 기계장비,2008/05/29,KRX 기계장비,KRX,주식
KR7352560007,352560,삼성 KODEX 다우존스미국리츠부동산상장지수투자신탁[REITs-파생재간접형](H),KODEX 다우존스미국리츠(H),2020/05/13,Dow Jones U.S. Real Estate PR Index,S&P,부동산
KR7273140004,273140,삼성 KODEX 단기변동금리부채권액티브증권상장지수투자신탁[채권],KODEX 단기변동금리부채권액티브,2017/06/29,KAP 단기변동금리부은행채권지수,한국자산평가(KAP),채권
KR7244620001,244620,삼성 KODEX 모멘텀PLUS증권상장지수투자신탁[주식],KODEX 모멘텀Plus,2016/05/13,FnGuide 모멘텀 Plus 지수,FnGuide,주식
KR7428560007,428560,삼성 KODEX 미국ETF산업Top10 Indxx증권상장지수투자신탁[주식],KODEX 미국ETF산업Top10 Indxx,2022/05/17,Indxx US ETF Industry Top10 Index(Price Return),Indxx,주식
KR7314250002,314250,삼성 KODEX 미국FANG플러스증권상장지수투자신탁[주식-파생형](H),KODEX 미국FANG플러스(H),2019/01/10,NYSE FANG+TM Index,"ICE Data Indices, LLC",주식
KR7379800006,379800,삼성 KODEX 미국S&P500 Total Return증권상장지수투자신탁[주식],KODEX 미국S&P500TR,2021/04/09,S&P 500 Total Return Index,S&P,주식
KR7276970001,276970,삼성 KODEX 미국S&P500배당귀족커버드콜증권상장지수투자신탁[주식-파생형](합성 H),KODEX 미국S&P500배당귀족커버드콜(합성 H),2017/08/10,S&P500 Dividend Aristocrats Covered Call(7.2% Premium) Index,S&P,주식
KR7200030005,200030,삼성 KODEX 미국S&P500산업재증권상장지수투자신탁[주식-파생형](합성),KODEX 미국S&P500산업재(합성),2014/06/12,S&P Select Sector Industrial Index,S&P,주식
KR7218420008,218420,삼성 KODEX 미국S&P500에너지증권상장지수투자신탁[주식-파생형](합성),KODEX 미국S&P500에너지(합성),2015/04/28,S&P Select Sector Energy Index,S&P,주식
KR7449180009,449180,삼성 KODEX 미국S&P500증권상장지수투자신탁[주식](H),KODEX 미국S&P500(H),2022/12/02,S&P 500,S&P,주식
KR7379810005,379810,삼성 KODEX 미국나스닥100 Total Return증권상장지수투자신탁[주식],KODEX 미국나스닥100TR,2021/04/09,NASDAQ-100 Total Return Index,NASDAQ,주식
KR7409820008,409820,삼성 KODEX 미국나스닥100레버리지증권상장지수투자신탁[주식-파생형](합성 H),KODEX 미국나스닥100레버리지(합성 H),2021/12/09,NASDAQ 100,NASDAQ,주식
KR7409810009,409810,삼성 KODEX 미국나스닥100선물인버스증권상장지수투자신탁[주식-파생형](H),KODEX 미국나스닥100선물인버스(H),2021/12/09,NASDAQ 100,NASDAQ,주식
KR7304940000,304940,삼성 KODEX 미국나스닥100선물증권상장지수투자신탁[주식-파생형](H),KODEX 미국나스닥100선물(H),2018/08/30,NASDAQ 100,NASDAQ,주식
KR7449190008,449190,삼성 KODEX 미국나스닥100증권상장지수투자신탁[주식](H),KODEX 미국나스닥100(H),2022/12/02,NASDAQ 100,NASDAQ,주식
KR7261250005,261250,삼성 KODEX 미국달러선물레버리지특별자산상장지수투자신탁(미국달러-파생형),KODEX 미국달러선물레버리지,2016/12/27,미국달러선물지수,KRX,통화
KR7261260004,261260,삼성 KODEX 미국달러선물인버스2X특별자산상장지수투자신탁(미국달러-파생형),KODEX 미국달러선물인버스2X,2016/12/27,미국달러선물지수,KRX,통화
KR7261270003,261270,삼성 KODEX 미국달러선물인버스특별자산상장지수투자신탁(미국달러-파생형),KODEX 미국달러선물인버스,2016/12/27,미국달러선물지수,KRX,통화
KR7261240006,261240,삼성 KODEX 미국달러선물특별자산상장지수투자신탁(미국달러-파생형),KODEX 미국달러선물,2016/12/27,미국달러선물지수,KRX,통화
KR7280930009,280930,삼성 KODEX 미국러셀2000증권상장지수투자신탁[주식-파생형](H),KODEX 미국러셀2000(H),2017/11/09,FTSE Russell 2000 Index,FTSE,주식
KR7411420003,411420,삼성 KODEX 미국메타버스나스닥액티브증권상장지수투자신탁[주식],KODEX 미국메타버스나스닥액티브,2021/12/22,Nasdaq Yewno Metaverse Index (Price Return),NASDAQ,주식
KR7390390003,390390,삼성 KODEX 미국반도체MV증권상장지수투자신탁[주식],KODEX 미국반도체MV,2021/06/30,MVIS US Listed Semiconductor 25 Index,MVIS,주식
KR7441640000,441640,삼성 KODEX 미국배당프리미엄S&P액티브증권상장지수투자신탁[주식-파생형],KODEX 미국배당프리미엄액티브,2022/09/27,S&P 500,S&P,주식
KR7390400000,390400,삼성 KODEX 미국스마트모빌리티S&P증권상장지수투자신탁[주식],KODEX 미국스마트모빌리티S&P,2021/06/30,S&P Kensho Smart Transportation,S&P,주식
KR7437080005,437080,삼성 KODEX 미국종합채권SRI액티브증권상장지수투자신탁(H)[채권],KODEX 미국종합채권SRI액티브(H),2022/08/09,Bloomberg MSCI US Aggregate 2bn ex Securitized SRI Capped Index(Total Return),Bloomberg,채권
KR7308620004,308620,삼성 KODEX 미국채10년선물증권상장지수투자신탁[채권-파생형],KODEX 미국채10년선물,2018/10/19,S&P 10-Year U.S. Treasury Note Futures KRW(ER),S&P,채권
KR7304670003,304670,삼성 KODEX 미국채울트라30년선물인버스증권상장지수투자신탁[채권-파생형](H),KODEX 미국채울트라30년선물인버스(H),2018/09/12,S&P Ultra T-Bond Futures Index(ER),S&P,채권
KR7304660004,304660,삼성 KODEX 미국채울트라30년선물증권상장지수투자신탁[채권-파생형](H),KODEX 미국채울트라30년선물(H),2018/09/12,S&P Ultra T-Bond Futures Index(ER),S&P,채권
KR7419420005,419420,삼성 KODEX 미국클린에너지나스닥증권상장지수투자신탁[주식],KODEX 미국클린에너지나스닥,2022/03/22,Nasdaq Clean Edge Green Energy Index (Price Return),NASDAQ,주식
KR7266360007,266360,삼성 KODEX 미디어&엔터테인먼트증권상장지수투자신탁(주식),KODEX 미디어&엔터테인먼트,2017/03/28,KRX 미디어&엔터테인먼트,KRX,주식
KR7244580007,244580,삼성 KODEX 바이오증권상장지수투자신탁[주식],KODEX 바이오,2016/05/13,FnGuide 바이오 지수,FnGuide,주식
KR7091160002,091160,삼성 KODEX 반도체 증권상장지수투자신탁[주식],KODEX 반도체,2006/06/27,KRX 반도체,KRX,주식
KR7325020006,325020,삼성 KODEX 배당가치증권상장지수투자신탁[주식형],KODEX 배당가치,2019/05/31,FnGuide SLV 배당가치 지수,FnGuide,주식
KR7211900006,211900,삼성 KODEX 배당성장 증권상장지수투자신탁(주식),KODEX 배당성장,2014/12/17,코스피 배당성장 50,KRX,주식
KR7237370002,237370,삼성 KODEX 배당성장채권혼합 증권상장지수투자신탁(채권혼합),KODEX 배당성장채권혼합,2016/01/27,배당성장채권혼합지수,KRX,혼합자산
KR7244670006,244670,삼성 KODEX 밸류PLUS증권상장지수투자신탁[주식],KODEX 밸류Plus,2016/05/13,FnGuide 벨류 Plus 지수,FnGuide,주식
KR7102780004,102780,삼성 KODEX 삼성그룹주 증권상장지수투자신탁[주식],KODEX 삼성그룹,2008/05/21,삼성그룹,FnGuide,주식
KR7448330001,448330,삼성 KODEX 삼성전자채권혼합Wise증권상장지수투자신탁[채권혼합],KODEX 삼성전자채권혼합Wise,2022/11/29,Wise 삼성전자채권혼합 지수,FnGuide,혼합자산
KR7251350005,251350,삼성 KODEX 선진국MSCI World 증권상장지수투자신탁[주식],KODEX 선진국MSCI World,2016/08/17,MSCI World,MSCI,주식
KR7437070006,437070,삼성 KODEX 아시아달러채권SRI플러스액티브증권상장지수투자신탁[채권],KODEX 아시아달러채권SRI플러스액티브,2022/08/09,Bloomberg MSCI EM Asia Investment Grade Credit SRI Index(Total Return),Bloomberg,채권
KR7400570008,400570,삼성 KODEX 유럽탄소배출권선물ICE특별자산상장지수투자신탁[탄소배출권-파생형](H),KODEX 유럽탄소배출권선물ICE(H),2021/09/30,ICE EUA Carbon Futures Index(Excess Return),"ICE Data Indices, LLC",기타
KR7144600004,144600,삼성 KODEX 은선물특별자산상장지수투자신탁(은-파생형)(H),KODEX 은선물(H),2011/07/18,S&P GSCI Silver Index(TR),S&P,원자재
KR7091170001,091170,삼성 KODEX 은행 증권상장지수투자신탁[주식],KODEX 은행,2006/06/27,KRX 은행,KRX,주식
KR7091180000,091180,삼성 KODEX 자동차 증권상장지수투자신탁[주식],KODEX 자동차,2006/06/27,KRX 자동차,KRX,주식
KR7363570003,363570,삼성 KODEX 장기종합채권(AA-이상)액티브KAP증권상장지수투자신탁[채권],KODEX 장기종합채권(AA-이상)액티브KAP,2020/09/25,"KAP 한국장기종합채권지수(AA-이상, 총수익)",한국자산평가(KAP),채권
KR7273130005,273130,삼성 KODEX 종합채권(AA-이상)액티브증권상장지수투자신탁[채권],KODEX 종합채권(AA-이상)액티브,2017/06/29,KAP 한국종합채권지수,한국자산평가(KAP),채권
KR7102970001,102970,삼성 KODEX 증권주 증권상장지수투자신탁[주식],KODEX 증권,2008/05/29,KRX 증권,KRX,주식
KR7419430004,419430,삼성 KODEX 차이나2차전지MSCI증권상장지수투자신탁[주식-파생형](합성),KODEX 차이나2차전지MSCI(합성),2022/03/22,MSCI China all shares IMI Select Batteries Index(Price Return),MSCI,주식
KR7283580009,283580,삼성 KODEX 차이나CSI300증권상장지수투자신탁[주식-파생형],KODEX 차이나CSI300,2017/12/13,CSI 300 Index,CSI,주식
KR7169950003,169950,삼성 KODEX 차이나FTSE China A50증권상장지수투자신탁[주식-파생형],KODEX 차이나A50,2013/01/21,FTSE China A50 Index,FTSE,주식
KR7204450001,204450,삼성 KODEX 차이나H레버리지증권상장지수투자신탁(주식-파생형)(H),KODEX 차이나H레버리지(H),2014/09/12,Hang Seng China H,HangSeng,주식
KR7099140006,099140,삼성 KODEX 차이나H증권상장지수투자신탁[주식],KODEX 차이나H,2007/10/10,Hang Seng China H,HangSeng,주식
KR7415340009,415340,삼성 KODEX 차이나과창판STAR50증권상장지수투자신탁[주식-파생형](합성),KODEX 차이나과창판STAR50(합성),2022/01/13,STAR 50 Index(Price Return),CSI,주식
KR7428510002,428510,삼성 KODEX 차이나메타버스액티브증권상장지수투자신탁[주식],KODEX 차이나메타버스액티브,2022/05/17,Bloomberg Greater China Media & Tech Index(Price Return),Bloomberg,주식
KR7256750001,256750,삼성 KODEX 차이나심천ChiNext증권상장지수투자신탁[주식-파생형](합성),KODEX 차이나심천ChiNext(합성),2016/11/08,SZSE ChiNext Price Index,SSI(Shenzhen Securities Information Co Ltd),주식
KR7372330001,372330,삼성 KODEX 차이나항셍테크증권상장지수투자신탁[주식],KODEX 차이나항셍테크,2020/12/16,Hang Seng TECH Index,HangSeng,주식
KR7279540009,279540,삼성 KODEX 최소변동성증권상장지수투자신탁[주식],KODEX 최소변동성,2017/10/17,KRX 최소변동성지수,KRX,주식
KR7229200001,229200,삼성 KODEX 코스닥 150 증권상장지수투자신탁(주식),KODEX 코스닥150,2015/10/01,코스닥 150,KRX,주식
KR7233740000,233740,삼성 KODEX 코스닥150 레버리지증권상장지수투자신탁(주식-파생형),KODEX 코스닥150레버리지,2015/12/17,코스닥 150,KRX,주식
KR7360150007,360150,삼성 KODEX 코스닥150롱코스피200숏선물증권상장지수투자신탁[주식-파생형],KODEX 코스닥150롱코스피200숏선물,2020/08/21,코스닥150 롱 100% 코스피200 숏 100% 선물지수,KRX,주식
KR7251340006,251340,삼성 KODEX 코스닥150인버스증권상장지수투자신탁(주식-파생형),KODEX 코스닥150선물인버스,2016/08/10,F-코스닥150 지수,KRX,주식
KR7226490001,226490,삼성 KODEX 코스피 증권상장지수투자신탁(신탁),KODEX 코스피,2015/08/24,코스피,KRX,주식
KR7359210002,359210,삼성 KODEX 코스피TotalReturn증권상장지수투자신탁[주식],KODEX 코스피TR,2020/07/21,코스피 TR,KRX,주식
KR7337140008,337140,삼성 KODEX 코스피대형주증권상장지수투자신탁[주식],KODEX 코스피대형주,2019/11/14,코스피 대형주,KRX,주식
KR7138920004,138920,삼성 KODEX 콩선물특별자산상장지수투자신탁(콩-파생형)(H),KODEX 콩선물(H),2011/03/15,S&P GSCI Soybeans Index(TR),S&P,원자재
KR7244660007,244660,삼성 KODEX 퀄리티PLUS증권상장지수투자신탁[주식],KODEX 퀄리티Plus,2016/05/13,FnGuide 퀄리티 Plus 지수,FnGuide,주식
KR7375770005,375770,삼성 KODEX 탄소효율그린뉴딜증권상장지수투자신탁[주식],KODEX 탄소효율그린뉴딜,2021/02/05,KRX/S&P 탄소효율 그린뉴딜지수,KRX,주식
KR7266410000,266410,삼성 KODEX 필수소비재증권상장지수투자신탁[주식형],KODEX 필수소비재,2017/03/28,KRX 필수소비재,KRX,주식
KR7298770009,298770,삼성 KODEX 한국대만IT프리미어증권상장지수투자신탁[주식-파생형],KODEX 한국대만IT프리미어,2018/06/11,한국 대만 IT 프리미어지수,S&P,주식
KR7450190004,450190,삼성 KODEX 한중반도체증권상장지수투자신탁[주식-파생형](합성),KODEX 한중반도체(합성),2022/12/22,KRX CSI 한·중 반도체지수,KRX,주식
KR7450180005,450180,삼성 KODEX 한중전기차증권상장지수투자신탁[주식-파생형](합성),KODEX 한중전기차(합성),2022/12/22,KRX CSI 한·중 전기차지수,KRX,주식
KR7266420009,266420,삼성 KODEX 헬스케어증권상장지수투자신탁[주식형],KODEX 헬스케어,2017/03/28,KRX 헬스케어,KRX,주식
KR7364690008,364690,삼성 KODEX 혁신기술테마액티브증권상장지수투자신탁[주식],KODEX 혁신기술테마액티브,2020/09/29,코스피,KRX,주식
KR7069500007,069500,삼성 KODEX200 증권상장지수투자신탁[주식],KODEX 200,2002/10/14,코스피 200,KRX,주식
KR7284430006,284430,삼성 KODEX200미국채혼합증권상장지수투자신탁[채권혼합-파생형],KODEX 200미국채혼합,2017/11/30,코스피 200 미국채 혼합지수,KRX,혼합자산
KR7321410003,321410,삼성 KODEX모닝스타멀티에셋하이인컴증권상장지수투자신탁[채권혼합-파생재간접형](H),KODEX 멀티에셋하이인컴(H),2019/06/05,Morningstar Multi-Asset High Income 10% Capped Index,MorningStar,혼합자산
KR7219480001,219480,삼성KODEX S&P500선물증권상장지수투자신탁[주식-파생형](H),KODEX 미국S&P500선물(H),2015/05/29,S&P 500 Futures Total Return Index,S&P,주식
KR7176950004,176950,삼성KODEX10년국채선물인버스증권상장지수투자신탁[채권-파생형],KODEX 국채선물10년인버스,2013/05/31,10년국채선물지수,KRX,채권
KR7152380002,152380,삼성KODEX10년국채선물증권상장지수투자신탁[채권-파생형],KODEX 국채선물10년,2012/01/20,10년국채선물지수,KRX,채권
KR7117700005,117700,삼성KODEX건설증권상장지수투자신탁[주식],KODEX 건설,2009/10/30,KRX 건설,KRX,주식
KR7214980005,214980,삼성KODEX단기채권PLUS증권상장지수투자신탁[채권],KODEX 단기채권PLUS,2015/03/03,KRW Cash PLUS 지수(총수익),한국자산평가(KAP),채권
KR7153130000,153130,삼성KODEX단기채권증권상장지수투자신탁[채권],KODEX 단기채권,2012/02/22,KRW Cash 지수(총수익),FnGuide,채권
KR7122630007,122630,삼성KODEX레버리지증권상장지수투자신탁[주식-파생형],KODEX 레버리지,2010/02/22,코스피 200,KRX,주식
KR7185680006,185680,삼성KODEX미국바이오테크증권상장지수투자신탁[주식-파생형](합성),KODEX 미국S&P바이오(합성),2013/10/31,S&P Biotechnology Select Industry Index,S&P,주식
KR7140700006,140700,삼성KODEX보험증권상장지수투자신탁[주식],KODEX 보험,2011/04/26,KRX 보험,KRX,주식
KR7213610009,213610,삼성KODEX삼성그룹밸류증권상장지수투자신탁[주식],KODEX 삼성그룹밸류,2015/01/08,WISE 삼성그룹 밸류 인덱스,WiseFn,주식
KR7117460006,117460,삼성KODEX에너지화학증권상장지수투자신탁[주식],KODEX 에너지화학,2009/10/12,KRX 에너지화학,KRX,주식
KR7140710005,140710,삼성KODEX운송증권상장지수투자신탁[주식],KODEX 운송,2011/04/26,KRX 운송,KRX,주식
KR7114800006,114800,삼성KODEX인버스증권상장지수투자신탁[주식-파생형],KODEX 인버스,2009/09/16,코스피 200 선물지수,KRX,주식
KR7117680009,117680,삼성KODEX철강증권상장지수투자신탁[주식],KODEX 철강,2009/10/30,KRX 철강,KRX,주식
KR7411540008,411540,신한 SOL 200 Top10증권상장지수투자신탁[주식],SOL 200 Top10,2021/12/09,코스피 200 Top 10 지수,KRX,주식
KR7295040000,295040,신한 SOL 200 Total Return증권상장지수투자신탁[주식],SOL 200TR,2018/04/23,코스피 200 TR,KRX,주식
KR7449540004,449540,신한 SOL 24-06 국고채액티브증권상장지수투자신탁[채권],SOL 24-06 국고채액티브,2022/12/16,KAP 24-06 무위험채권 총수익 지수,한국자산평가(KAP),채권
KR7444200000,444200,신한 SOL KEDI메가테크액티브증권상장지수투자신탁[주식],SOL KEDI메가테크액티브,2022/10/18,KEDI 메가테크지수(PR),한국경제신문,주식
KR7363510009,363510,신한 SOL KIS단기통안채증권상장지수투자신탁[채권],SOL KIS단기통안채,2020/09/09,KIS 단기통안채 Index(총수익),KIS 채권평가,채권
KR7292500006,292500,신한 SOL KRX300증권상장지수투자신탁[주식],SOL KRX300,2018/03/26,KRX 300,KRX,주식
KR7404650004,404650,신한 SOL KRX기후변화솔루션증권상장지수투자신탁[주식],SOL KRX기후변화솔루션,2021/10/29,KRX 기후변화 솔루션지수,KRX,주식
KR7438570004,438570,신한 SOL 국고채10년증권상장지수투자신탁[채권],SOL 국고채10년,2022/09/06,KAP 국고채10년지수(총수익지수),한국자산평가(KAP),채권
KR7438560005,438560,신한 SOL 국고채3년증권상장지수투자신탁[채권],SOL 국고채3년,2022/09/06,KAP 국고채3년지수(총수익지수),한국자산평가(KAP),채권
KR7400590006,400590,신한 SOL 글로벌탄소배출권선물IHS특별자산ETF[탄소배출권-파생형](합성),SOL 글로벌탄소배출권선물IHS(합성),2021/09/30,IHS Markit Global Carbon Index(Total Return),Markit,기타
KR7433330008,433330,신한 SOL 미국S&P500 증권상장지수투자신탁[주식],SOL 미국S&P500,2022/06/21,S&P 500,S&P,주식
KR7399110006,399110,신한 SOL 미국S&P500ESG증권상장지수투자신탁[주식],SOL 미국S&P500ESG,2021/09/14,S&P500 ESG(PR),S&P,주식
KR7447620006,447620,신한 SOL 미국TOP5채권혼합40 Solactive증권상장지수투자신탁[채권혼합],SOL 미국TOP5채권혼합40 Solactive,2022/11/29,Solactive US TOP5 Balanced40 Index,Solactive,혼합자산
KR7446720005,446720,신한 SOL 미국배당다우존스증권상장지수투자신탁[주식],SOL 미국배당다우존스,2022/11/15,Dow Jones U.S. Dividend 100 Price Return Index,S&P,주식
KR7400580007,400580,신한 SOL 유럽탄소배출권선물S&P특별자산상장지수투자신탁[탄소배출권-파생형](H),SOL 유럽탄소배출권선물S&P(H),2021/09/30,S&P GSCI Carbon Emission Allowances(EUA)(EUR)ER,S&P,기타
KR7220130009,220130,신한 SOL 차이나강소기업CSI500증권상장지수투자신탁(주식-파생형)(합성 H),SOL 차이나강소기업CSI500(합성 H),2015/06/08,CSI 500 지수,CSI,주식
KR7415760008,415760,신한 SOL 차이나육성산업액티브증권상장지수투자신탁[주식혼합-파생형](합성),SOL 차이나육성산업액티브(합성),2022/01/13,STAR 50 Index(Price Return),CSI,주식
KR7413220005,413220,신한 SOL 차이나태양광CSI증권상장지수투자신탁[주식혼합-파생형](합성),SOL 차이나태양광CSI(합성),2021/12/22,CSI Photovoltaic Industry Index(PR),CSI,주식
KR7423170000,423170,신한 SOL 한국형글로벌반도체액티브증권상장지수투자신탁[주식-파생형],SOL 한국형글로벌반도체액티브,2022/04/12,S&P Global Semiconductor Korea Tilted Index(PR),S&P,주식
KR7429980006,429980,신한 SOL 한국형글로벌전기차&2차전지액티브증권상장지수투자신탁[주식-파생형],SOL 한국형글로벌전기차&2차전지액티브,2022/06/14,FactSet Global Electric Vehicle and Rechargeable Battery Korea-Tilted Index(PR),FACTSET,주식
KR7429990005,429990,신한 SOL 한국형글로벌플랫폼&메타버스액티브증권상장지수투자신탁[주식-파생형],SOL 한국형글로벌플랫폼&메타버스액티브,2022/06/14,Dow Jones Internet Korea Tilted Index(PR),S&P,주식
KR7436140008,436140,신한 SOL종합채권(AA-이상)액티브증권상장지수투자신탁[채권],SOL 종합채권(AA-이상)액티브,2022/08/09,"KAP K-종합채권지수(AA-이상, 총수익)",한국자산평가(KAP),채권
KR7433220001,433220,에셋플러스 에셋플러스 글로벌대장장이액티브증권상장지수투자신탁(주식),에셋플러스 글로벌대장장이액티브,2022/06/28,S&P 500,S&P,주식
KR7407830009,407830,에셋플러스 에셋플러스 글로벌플랫폼액티브증권상장지수투자신탁(주식),에셋플러스 글로벌플랫폼액티브,2021/11/16,S&P 500,S&P,주식
KR7442090007,442090,에셋플러스 에셋플러스 코리아대장장이액티브증권상장지수투자신탁(주식),에셋플러스 코리아대장장이액티브,2022/09/20,FnGuide 대장장이 지수(Price Return),FnGuide,주식
KR7407820000,407820,에셋플러스 에셋플러스 코리아플랫폼액티브증권상장지수투자신탁(주식),에셋플러스 코리아플랫폼액티브,2021/11/16,FnGuide 플랫폼 지수(Price Return),FnGuide,주식
KR7448100008,448100,우리 WOORI 200증권상장지수투자신탁(주식),WOORI 200,2022/12/16,코스피 200,KRX,주식
KR7413930009,413930,우리 WOORI AI ESG액티브증권상장지수투자신탁(주식),WOORI AI ESG액티브,2022/01/05,MK-iSelect AI ESG 지수(시장가격지수),NH투자증권,주식
KR7426150009,426150,우리 WOORI 대한민국국고채액티브증권상장지수투자신탁(채권),WOORI 대한민국국고채액티브,2022/05/11,KAP 한국 국고채 총수익 지수,한국자산평가(KAP),채권
KR7444490007,444490,우리 WOORI 미국S&P500증권상장지수투자신탁(주식),WOORI 미국S&P500,2022/10/06,S&P 500,S&P,주식
KR7440910008,440910,우리 WOORI 미국S&P우주항공&디펜스증권상장지수투자신탁(주식),WOORI 미국S&P우주항공&디펜스,2022/08/26,S&P Aerospace & Defense Select Industry Index(PR),S&P,주식
KR7108590001,108590,유리 TREX200 증권상장지수투자신탁[주식],TREX 200,2009/01/23,코스피 200,KRX,주식
KR7145850004,145850,유리 TREX펀더멘탈200 증권상장지수투자신탁[주식],TREX 펀더멘탈 200,2011/09/23,FnGuide-RAFI 코리아200 지수,FnGuide,주식
KR7153270004,153270,키움 KOSEF 100 증권상장지수투자신탁(주식),KOSEF 코스피100,2012/02/28,코스피 100,KRX,주식
KR7167860006,167860,키움 KOSEF 10년 국고채 레버리지 증권상장지수투자신탁[채권-파생형],KOSEF 국고채10년레버리지,2012/10/30,KIS 10년 국고채 지수 (총수익),KIS 채권평가,채권
KR7148070006,148070,키움 KOSEF 10년 국고채 증권상장지수투자신탁[채권],KOSEF 국고채10년,2011/10/20,KIS 10년 국고채 지수 (총수익),KIS 채권평가,채권
KR7294400007,294400,키움 KOSEF 200 Total Return증권상장지수투자신탁[주식],KOSEF 200TR,2018/04/23,코스피 200 TR,KRX,주식
KR7069660009,069660,키움 KOSEF 200 상장지수증권투자신탁[주식],KOSEF 200,2002/10/14,코스피 200,KRX,주식
KR7253250005,253250,키움 KOSEF 200선물레버리지증권상장지수투자신탁(주식-파생형),KOSEF 200선물레버리지,2016/09/12,코스피 200 선물지수,KRX,주식
KR7253230007,253230,키움 KOSEF 200선물인버스2X증권상장지수투자신탁(주식-파생형),KOSEF 200선물인버스2X,2016/09/22,코스피 200 선물지수,KRX,주식
KR7253240006,253240,키움 KOSEF 200선물인버스증권상장지수투자신탁(주식-파생형),KOSEF 200선물인버스,2016/09/12,코스피 200 선물지수,KRX,주식
KR7331910000,331910,키움 KOSEF Fn중소형증권상장지수투자신탁[주식],KOSEF Fn중소형,2019/08/13,FnGuide-키움 스마트 중소형주 지수,FnGuide,주식
KR7100910009,100910,키움 KOSEF KRX100 상장지수증권투자신탁[주식],KOSEF KRX100,2008/01/23,KRX 100,KRX,주식
KR7200250009,200250,키움 KOSEF NIFTY50인디아증권상장지수투자신탁[주식-파생형](합성),KOSEF 인도Nifty50(합성),2014/06/26,Nifty 50 Index,IISL(India Index Services and Products Ltd),주식
KR7450120001,450120,키움 KOSEF SK그룹대표주증권상장지수투자신탁[주식],KOSEF SK그룹대표주,2022/12/23,FnGuide SK그룹대표주 지수,FnGuide,주식
KR7104530001,104530,키움 KOSEF 고배당 상장지수증권투자신탁[주식],KOSEF 고배당,2008/07/29,MKF 웰스 고배당20,FnGuide,주식
KR7114470008,114470,키움 KOSEF 국고채 상장지수증권투자신탁[채권],KOSEF 국고채3년,2009/07/31,KTB INDEX(시장가격),KRX,채권
KR7130730005,130730,키움 KOSEF 단기자금 증권상장지수투자신탁[채권],KOSEF 단기자금,2010/07/29,MK 머니마켓 지수(총수익),KIS 채권평가,채권
KR7411860000,411860,키움 KOSEF 독일DAX증권상장지수투자신탁[주식],KOSEF 독일DAX,2021/12/22,DAX Index(PR),Qontigo,주식
KR7394340004,394340,키움 KOSEF 릭소글로벌디지털경제MSCI증권상장지수투자신탁[주식-재간접형],KOSEF 릭소글로벌디지털경제MSCI,2021/07/20,MSCI ACWI IMI 디지털 이코노미 ESG 지수(시장가격),MSCI,주식
KR7394350003,394350,키움 KOSEF 릭소글로벌퓨처모빌리티MSCI증권상장지수투자신탁[주식-재간접형],KOSEF 릭소글로벌퓨처모빌리티MSCI,2021/07/20,MSCI ACWI IMI 퓨처모빌리티 ESG 지수(시장가격),MSCI,주식
KR7430500009,430500,키움 KOSEF 물가채KIS증권상장지수투자신탁[채권],KOSEF 물가채KIS,2022/05/31,KIS TIPS 지수(총수익),KIS 채권평가,채권
KR7426330007,426330,키움 KOSEF 미국ETF산업STOXX증권상장지수투자신탁[주식],KOSEF 미국ETF산업STOXX,2022/04/26,STOXX USA ETF Industry Index (KRW),Qontigo,주식
KR7449770007,449770,키움 KOSEF 미국S&P500증권상장지수투자신탁[주식],KOSEF 미국S&P500,2022/12/20,S&P 500,S&P,주식
KR7449780006,449780,키움 KOSEF 미국S&P500증권상장지수투자신탁[주식](H),KOSEF 미국S&P500(H),2022/12/20,S&P 500,S&P,주식
KR7139660005,139660,키움 KOSEF 미국달러선물 인버스 특별자산상장지수투자신탁[미국달러-파생형],KOSEF 미국달러선물인버스,2011/04/01,미국달러선물지수,KRX,통화
KR7138230008,138230,키움 KOSEF 미국달러선물 특별자산상장지수투자신탁[미국달러-파생형],KOSEF 미국달러선물,2011/02/24,미국달러선물지수,KRX,통화
KR7225800002,225800,키움 KOSEF 미국달러선물레버리지 특별자산상장지수투자신탁[미국달러-파생형],KOSEF 미국달러선물레버리지,2015/08/10,미국달러선물지수,KRX,통화
KR7230480006,230480,키움 KOSEF 미국달러선물인버스2X특별자산상장지수투자신탁(미국달러-파생형),KOSEF 미국달러선물인버스2X,2015/11/16,미국달러선물지수,KRX,통화
KR7373790005,373790,키움 KOSEF 미국방어배당성장나스닥증권상장지수투자신탁[주식],KOSEF 미국방어배당성장나스닥,2020/12/24,Nasdaq US Low Volatility Dividend Achievers Index,NASDAQ,주식
KR7104520002,104520,키움 KOSEF 블루칩 상장지수증권투자신탁[주식],KOSEF 블루칩,2008/07/29,MKF 블루칩,FnGuide,주식
KR7441330008,441330,키움 KOSEF 차이나A50커넥트MSCI증권상장지수투자신탁[주식-파생형],KOSEF 차이나A50커넥트MSCI,2022/09/20,MSCI China A50 Connect Index,MSCI,주식
KR7445930001,445930,키움 KOSEF 차이나A50커넥트레버리지MSCI증권ETF[주식혼합-파생형](합성 H),KOSEF 차이나A50커넥트레버리지MSCI(합성H),2022/10/25,MSCI China A50 Connect Index,MSCI,주식
KR7445950009,445950,키움 KOSEF 차이나A50커넥트인버스MSCI증권ETF[주식혼합-파생형](합성 H),KOSEF 차이나A50커넥트인버스MSCI(합성 H),2022/10/25,MSCI China A50 Connect Index,MSCI,주식
KR7291630002,291630,키움 KOSEF 코스닥150선물레버리지증권상장지수투자신탁(주식-파생형),KOSEF 코스닥150선물레버리지,2018/03/16,F-코스닥150 지수,KRX,주식
KR7291620003,291620,키움 KOSEF 코스닥150선물인버스증권상장지수투자신탁[주식-파생형],KOSEF 코스닥150선물인버스,2018/03/16,F-코스닥150 지수,KRX,주식
KR7316670009,316670,키움 KOSEF 코스닥150증권상장지수투자신탁[주식],KOSEF 코스닥150,2019/01/22,코스닥 150,KRX,주식
KR7122260003,122260,키움 KOSEF 통안채 상장지수증권투자신탁[채권],KOSEF 통안채1년,2010/01/14,MK 통안채지수(총수익),KIS 채권평가,채권
KR7435530001,435530,키움 히어로즈 TDF2030액티브증권상장지수투자신탁[혼합-재간접형],히어로즈 TDF2030액티브,2022/06/30,Dow Jones Target 2030 Index (Total Return),S&P,혼합자산
KR7435540000,435540,키움 히어로즈 TDF2040액티브증권상장지수투자신탁[혼합-재간접형],히어로즈 TDF2040액티브,2022/06/30,Dow Jones Target 2040 Index (Total Return),S&P,혼합자산
KR7435550009,435550,키움 히어로즈 TDF2050액티브증권상장지수투자신탁[혼합-재간접형],히어로즈 TDF2050액티브,2022/06/30,Dow Jones Target 2050 Index (Total Return),S&P,혼합자산
KR7437550007,437550,키움 히어로즈 글로벌리츠이지스액티브부동산상장지수투자신탁[REITs-재간접형],히어로즈 글로벌리츠이지스액티브,2022/07/29,S&P Global REIT Index,S&P,부동산
KR7419890009,419890,키움 히어로즈 단기채권ESG액티브증권상장지수투자신탁[채권],히어로즈 단기채권ESG액티브,2022/03/03,KIS ESG 9M~1.5Y,KIS 채권평가,채권
KR7429870009,429870,키움 히어로즈 리츠이지스액티브부동산상장지수투자신탁[REITs-재간접형],히어로즈 리츠이지스액티브,2022/05/24,iSelect 리츠 지수,NH투자증권,부동산
KR7441800000,441800,타임폴리오 TIMEFOLIO Korea플러스배당액티브증권상장지수투자신탁[주식],TIMEFOLIO Korea플러스배당액티브,2022/09/27,코스피 200,KRX,주식
KR7385720008,385720,타임폴리오 TIMEFOLIO Kstock액티브증권상장지수투자신탁[주식],TIMEFOLIO Kstock액티브,2021/05/25,코스피,KRX,주식
KR7410870000,410870,타임폴리오 TIMEFOLIO K컬처액티브증권상장지수투자신탁[주식],TIMEFOLIO K컬처액티브,2021/12/15,FnGuide K-컬처 지수,FnGuide,주식
KR7426020004,426020,타임폴리오 TIMEFOLIO 미국S&P500액티브증권상장지수투자신탁[주식-파생형],TIMEFOLIO 미국S&P500액티브,2022/05/11,S&P 500,S&P,주식
KR7426030003,426030,타임폴리오 TIMEFOLIO 미국나스닥100액티브증권상장지수투자신탁[주식-파생형],TIMEFOLIO 미국나스닥100액티브,2022/05/11,NASDAQ 100,NASDAQ,주식
KR7385710009,385710,타임폴리오 TIMEFOLIO 이노베이션액티브증권상장지수투자신탁[주식],TIMEFOLIO 이노베이션액티브,2021/05/25,KRX BBIG K-뉴딜지수,KRX,주식
KR7404120008,404120,타임폴리오 TIMEFOLIO 탄소중립액티브증권상장지수투자신탁[주식],TIMEFOLIO 탄소중립액티브,2021/10/29,KRX 기후변화 솔루션지수,KRX,주식
KR7168300002,168300,하나UBS KTOP KOSPI50 증권상장지수투자신탁[주식],KTOP 코스피50,2012/11/12,코스피 50,KRX,주식
KR7422260000,422260,한국밸류 VITA MZ소비액티브증권상장지수투자신탁(주식),VITA MZ소비액티브,2022/03/29,FnGuide MZ 소비 지수,FnGuide,주식
KR7332500008,332500,한국투자 ACE 200 Total Return증권상장지수투자신탁(주식),ACE 200TR,2019/08/28,코스피 200 TR,KRX,주식
KR7105190003,105190,한국투자 ACE 200 증권 상장지수투자신탁(주식),ACE 200,2008/09/25,코스피 200,KRX,주식
KR7448870006,448870,한국투자 ACE 23-12 회사채(AA-이상)액티브증권상장지수투자신탁(채권),ACE 23-12 회사채(AA-이상)액티브,2022/11/22,KIS 크레딧 2312만기형 총수익지수,KIS 채권평가,채권
KR7448880005,448880,한국투자 ACE 24-12 회사채(AA-이상)액티브증권상장지수투자신탁(채권),ACE 24-12 회사채(AA-이상)액티브,2022/11/22,KIS 크레딧 2412만기형 총수익지수,KIS 채권평가,채권
KR7385590005,385590,한국투자 ACE ESG액티브증권상장지수투자신탁(주식),ACE ESG액티브,2021/05/25,MSCI Korea Country ESG Leaders Custom Capped Price return Index,MSCI,주식
KR7380340000,380340,한국투자 ACE Fn5G플러스증권상장지수투자신탁(주식),ACE Fn5G플러스,2021/04/02,FnGuide 5G플러스 지수 (시장가격),FnGuide,주식
KR7414270009,414270,한국투자 ACE G2전기차&자율주행액티브증권상장지수투자신탁(주식),ACE G2전기차&자율주행액티브,2022/02/15,FactSet US-China Electric&Autonomous Vehicle Price Return Index,FACTSET,주식
KR7356540005,356540,한국투자 ACE KIS종합채권(AA-이상)액티브증권상장지수투자신탁(채권),ACE 종합채권(AA-이상)KIS액티브,2020/07/21,KIS 종합채권 AA-이상 총수익 지수(Total return Index),KIS 채권평가,채권
KR7411060007,411060,한국투자 ACE KRX금현물특별자산상장지수투자신탁(금),ACE KRX금현물,2021/12/15,KRX 금현물지수,KRX,원자재
KR7277540001,277540,한국투자 ACE S&P아시아TOP50증권상장지수투자신탁(주식),ACE 아시아TOP50S&P,2017/08/23,S&P ASIA50 Price Return Index,S&P,주식
KR7225130004,225130,한국투자 ACE 골드선물레버리지특별자산상장지수투자신탁(금-파생형)(합성 H),ACE 골드선물 레버리지(합성 H),2015/07/28,S&P GSCI GOLD Index Excess Return,S&P,원자재
KR7114460009,114460,한국투자 ACE 국고채 증권 상장지수투자신탁(채권),ACE 국고채3년,2009/07/31,KTB INDEX(시장가격),KRX,채권
KR7365780006,365780,한국투자 ACE 국고채10년증권상장지수투자신탁(채권),ACE 국고채10년,2020/10/15,KIS 10년 국고채 지수 (총수익),KIS 채권평가,채권
KR7299070003,299070,한국투자 ACE 국채선물10년인버스증권상장지수투자신탁(채권-파생형),ACE 국채선물10년인버스,2018/06/08,10년국채선물지수,KRX,채권
KR7299080002,299080,한국투자 ACE 국채선물3년인버스증권상장지수투자신탁(채권-파생형),ACE 국채선물3년인버스,2018/06/08,국채선물지수,KRX,채권
KR7411050008,411050,한국투자 ACE 글로벌메타버스테크액티브증권상장지수투자신탁(주식),ACE 글로벌메타버스테크액티브,2021/12/22,Bloomberg Global Digital Media & Tech Select Price Return Index,Bloomberg,주식
KR7446770000,446770,한국투자 ACE 글로벌반도체TOP4 Plus Solactive증권상장지수투자신탁(주식),ACE 글로벌반도체TOP4 Plus SOLACTIVE,2022/11/15,Solactive Global Semiconductor TOP4 Plus Price Return Index,Solactive,주식
KR7435040001,435040,한국투자 ACE 글로벌브랜드TOP10블룸버그증권상장지수투자신탁(주식),ACE 글로벌브랜드TOP10블룸버그,2022/06/28,Bloomberg Global Select Industry Leaders TOP10 Index(PR),Bloomberg,주식
KR7181480005,181480,한국투자 ACE 다우존스 미국 리츠부동산 상장지수투자신탁(파생형)(합성 H),ACE 미국다우존스리츠(합성 H),2013/08/01,Dow Jones U.S. Real Estate Index,S&P,부동산
KR7190620005,190620,한국투자 ACE 단기자금 증권 상장지수투자신탁(채권),ACE 단기통안채,2013/12/23,KIS MSB 단기지수(총수익),KIS 채권평가,채권
KR7440640001,440640,한국투자 ACE 단기채권알파액티브증권상장지수투자신탁(채권),ACE 단기채권알파액티브,2022/08/23,KIS 단기채권알파AA-이상 총수익지수,KIS 채권평가,채권
KR7265690008,265690,한국투자 ACE 러시아MSCI증권상장지수투자신탁(주식-파생형)(합성),ACE 러시아MSCI(합성),2017/03/21,MSCI Russia 25% Capped Price Return Index,MSCI,주식
KR7152500005,152500,한국투자 ACE 레버리지 증권상장지수투자신탁(주식-파생형),ACE 레버리지,2012/01/27,코스피 200,KRX,주식
KR7291130003,291130,한국투자 ACE 멕시코MSCI증권상장지수투자신탁(주식-파생형)(합성),ACE 멕시코MSCI(합성),2018/03/09,MSCI MEXICO IMI 25/50 Price return Index,MSCI,주식
KR7342140001,342140,한국투자 ACE 모닝스타싱가포르리츠30증권상장지수투자신탁(채권혼합-파생형),ACE 싱가포르리츠채권혼합모닝스타,2019/12/27,Morningstar Singapore REIT Yield Focus Income Protection Index,MorningStar,혼합자산
KR7280320003,280320,한국투자 ACE 미국IT인터넷증권상장지수투자신탁(주식-파생형)(합성 H),ACE 미국IT인터넷S&P(합성 H),2017/10/17,다우존스 인터넷 종합지수,S&P,주식
KR7360200000,360200,한국투자 ACE 미국S&P500증권상장지수투자신탁(주식),ACE 미국S&P500,2020/08/07,S&P 500,S&P,주식
KR7438080004,438080,한국투자 ACE 미국S&P500채권혼합액티브증권상장지수투자신탁(채권혼합),ACE 미국S&P500채권혼합액티브,2022/08/26,S&P500 and Short-Term Treasury 30/70 Blend Index,S&P,혼합자산
KR7309230001,309230,한국투자 ACE 미국WideMoat가치주증권상장지수투자신탁(주식),ACE 미국WideMoat가치주,2018/10/25,MorningStar Wide Moat Focus Index,MorningStar,주식
KR7402970008,402970,한국투자 ACE 미국고배당S&P증권상장지수투자신탁(주식),ACE 미국고배당S&P,2021/10/21,Dow Jones U.S. Dividend 100 Price Return Index,S&P,주식
KR7367380003,367380,한국투자 ACE 미국나스닥100증권상장지수투자신탁(주식),ACE 미국나스닥100,2020/10/29,NASDAQ 100,NASDAQ,주식
KR7438100000,438100,한국투자 ACE 미국나스닥100채권혼합액티브증권상장지수투자신탁(채권혼합),ACE 미국나스닥100채권혼합액티브,2022/08/26,NASDAQ-100 US T-Bills 30/70 Index,NASDAQ,혼합자산
KR7440650000,440650,한국투자 ACE 미국달러단기채권액티브증권상장지수투자신탁(채권),ACE 미국달러단기채권액티브,2022/08/23,Bloomberg Short-Term Treasury Total Return Index,Bloomberg,채권
KR7391590007,391590,한국투자 ACE 미국스팩&IPO INDXX증권상장지수투자신탁(주식),ACE 미국스팩&IPO INDXX,2021/08/05,Indxx SPAC & NEXTGEN IPO Price return Index,Indxx,주식
KR7391600004,391600,한국투자 ACE 미국친환경그린테마INDXX증권상장지수투자신탁(주식),ACE 미국친환경그린테마INDXX,2021/08/05,Indxx US Green Infrastructure Price return Index,Indxx,주식
KR7143460004,143460,한국투자 ACE 밸류대형 증권 상장지수투자신탁(주식),ACE 밸류대형,2011/06/21,FnGuide-RAFI 코리아 대형 지수,FnGuide,주식
KR7245710009,245710,한국투자 ACE 베트남VN30증권상장지수투자신탁(주식-파생형)(합성),ACE 베트남VN30(합성),2016/07/01,VN30 Index(PR),HOSE(Hochiminh Stock Exchange),주식
KR7371130006,371130,한국투자 ACE 블룸버그베트남VN30선물레버리지증권상장지수투자신탁(주식-파생형)(H),ACE 베트남VN30선물블룸버그레버리지(H),2020/11/25,Bloomberg VN30 Futures Excess Return Index,Bloomberg,주식
KR7131890006,131890,한국투자 ACE 삼성그룹주 동일가중 증권 상장지수투자신탁(주식),ACE 삼성그룹동일가중,2010/09/17,MKF SAMs EW 지수,FnGuide,주식
KR7108450008,108450,한국투자 ACE 삼성그룹주SW 증권 상장지수투자신탁(주식),ACE 삼성그룹섹터가중,2009/02/03,MKF SAMs SW,FnGuide,주식
KR7226380004,226380,한국투자 ACE 성장소비주도주증권상장지수투자신탁(주식),ACE Fn성장소비주도주,2015/08/19,FnGuide 성장소비주도 지수,FnGuide,주식
KR7322130006,322130,한국투자 ACE 스마트로우볼증권상장지수투자신탁(주식),ACE 스마트로우볼,2019/04/16,FnGuide 스마트 로우볼 지수,FnGuide,주식
KR7272220005,272220,한국투자 ACE 스마트모멘텀증권상장지수투자신탁(주식),ACE 스마트모멘텀,2017/07/11,FnGuide 스마트 모멘텀 지수,FnGuide,주식
KR7272230004,272230,한국투자 ACE 스마트밸류증권상장지수투자신탁(주식),ACE 스마트밸류,2017/07/11,FnGuide 스마트 밸류 지수,FnGuide,주식
KR7322120007,322120,한국투자 ACE 스마트퀄리티증권상장지수투자신탁(주식),ACE 스마트퀄리티,2019/04/16,FnGuide 스마트 퀄리티 지수,FnGuide,주식
KR7322150004,322150,한국투자 ACE 스마트하이베타증권상장지수투자신탁(주식),ACE 스마트하이베타,2019/04/16,FnGuide 스마트 하이베타 지수,FnGuide,주식
KR7316300003,316300,한국투자 ACE 싱가포르리츠부동산상장지수투자신탁(재간접형),ACE 싱가포르리츠,2019/01/29,Morningstar Singapore REIT Yield Focus Index(PR),MorningStar,부동산
KR7448540005,448540,한국투자 ACE 엔비디아채권혼합블룸버그증권상장지수투자신탁(채권혼합),ACE 엔비디아채권혼합블룸버그,2022/11/29,Bloomberg Blended NVIDIA Equity and Korean Bond Index,Bloomberg,혼합자산
KR7433500006,433500,한국투자 ACE 원자력테마딥서치증권상장지수투자신탁(주식),ACE 원자력테마딥서치,2022/06/28,DeepSearch 원자력테마 지수 (시장가격지수),DeepSearch,주식
KR7256440009,256440,한국투자 ACE 인도네시아MSCI증권상장지수투자신탁(주식-파생형)(합성),ACE 인도네시아MSCI(합성),2016/11/01,MSCI Indonesia Index,MSCI,주식
KR7145670006,145670,한국투자 ACE 인버스 증권 상장지수투자신탁(주식-파생형),ACE 인버스,2011/09/08,코스피 200 선물지수,KRX,주식
KR7196030001,196030,한국투자 ACE 일본 레버리지 증권 상장지수투자신탁(주식-재간접파생형)(H),ACE 일본TOPIX레버리지(H),2014/06/16,TOPIX,TSE(Tokyo Stock Exchange),주식
KR7238720007,238720,한국투자 ACE 일본Nikkei225증권상장지수투자신탁(주식-파생형)(H),ACE 일본Nikkei225(H),2016/03/03,Nikkei 225,Nikkei,주식
KR7205720006,205720,한국투자 ACE 일본인버스 증권 상장지수투자신탁(주식-파생형)(합성 H),ACE 일본TOPIX인버스(합성 H),2014/09/29,TOPIX,TSE(Tokyo Stock Exchange),주식
KR7416090009,416090,한국투자 ACE 중국과창판STAR50증권상장지수투자신탁(주식),ACE 중국과창판STAR50,2022/01/13,STAR 50 Index(Price Return),CSI,주식
KR7168580009,168580,한국투자 ACE 중국본토 CSI300 증권 자상장지수투자신탁(주식-파생형),ACE 중국본토CSI300,2012/11/29,CSI 300 Index,CSI,주식
KR7219900008,219900,한국투자 ACE 중국본토레버리지CSI300증권상장지수투자신탁(주식혼합-파생형)(합성),ACE 중국본토CSI300레버리지(합성),2015/05/28,CSI 300 Index,CSI,주식
KR7272910001,272910,한국투자 ACE 중장기국공채액티브증권상장지수투자신탁(채권),ACE 중장기국공채액티브,2017/06/29,KIS 종합채권국공채1-10Y지수,KIS 채권평가,채권
KR7447430000,447430,한국투자 ACE 차세대가치주액티브증권상장지수투자신탁(주식),ACE 차세대가치주액티브,2022/11/15,FnGuide 올라운드 가치주 지수,FnGuide,주식
KR7371870007,371870,한국투자 ACE 차이나항셍테크증권상장지수투자신탁(주식),ACE 차이나항셍테크,2020/12/16,Hang Seng TECH Index,HangSeng,주식
KR7385600002,385600,한국투자 ACE 친환경자동차밸류체인액티브증권상장지수투자신탁(주식),ACE 친환경자동차밸류체인액티브,2021/05/25,FnGuide 친환경 자동차 밸류체인 지수,FnGuide,주식
KR7354500001,354500,한국투자 ACE 코스닥150증권상장지수투자신탁(주식),ACE 코스닥150,2020/05/07,코스닥 150,KRX,주식
KR7251890000,251890,한국투자 ACE 코스닥증권상장지수투자신탁(주식-파생형)(합성),ACE 코스닥(합성),2016/09/06,코스닥,KRX,주식
KR7305050007,305050,한국투자 ACE 코스피증권상장지수투자신탁(주식),ACE 코스피,2018/10/05,코스피,KRX,주식
KR7261920003,261920,한국투자 ACE 필리핀MSCI증권상장지수투자신탁(주식-파생형)(합성),ACE 필리핀MSCI(합성),2016/12/28,MSCI Philippines IMI Index,MSCI,주식
KR7152100004,152100,한화 ARIRANG 200 증권상장지수투자신탁(주식),ARIRANG 200,2012/01/10,코스피 200,KRX,주식
KR7295820005,295820,한화 ARIRANG 200동일가중증권상장지수투자신탁(주식),ARIRANG 200동일가중,2018/05/11,코스피 200 동일가중지수,KRX,주식
KR7253150007,253150,한화 ARIRANG 200선물레버리지증권상장지수투자신탁(주식-파생형),ARIRANG 200선물레버리지,2016/09/29,코스피 200 선물지수,KRX,주식
KR7253160006,253160,한화 ARIRANG 200선물인버스2X증권상장지수투자신탁(주식-파생형),ARIRANG 200선물인버스2X,2016/09/22,코스피 200 선물지수,KRX,주식
KR7447660002,447660,한화 ARIRANG Apple채권혼합Fn증권상장지수투자신탁(채권혼합),ARIRANG Apple채권혼합Fn,2022/11/29,FnGuide 애플채권혼합 지수,FnGuide,혼합자산
KR7395750003,395750,한화 ARIRANG ESG가치주액티브증권상장지수투자신탁(주식),ARIRANG ESG가치주액티브,2021/07/30,FnGuide 한화 ESG 가치 지수,FnGuide,주식
KR7395760002,395760,한화 ARIRANG ESG성장주액티브증권상장지수투자신탁(주식),ARIRANG ESG성장주액티브,2021/07/30,FnGuide 한화 ESG 성장 지수,FnGuide,주식
KR7278420005,278420,한화 ARIRANG ESG우수기업증권상장지수투자신탁(주식),ARIRANG ESG우수기업,2017/08/31,WISE ESG우수기업 지수,WiseFn,주식
KR7436180004,436180,한화 ARIRANG K-유니콘투자기업액티브증권상장지수투자신탁(주식),ARIRANG K-유니콘투자기업액티브,2022/07/13,FnGuide K-유니콘 투자기업 지수,FnGuide,주식
KR7227830007,227830,한화 ARIRANG KOSPI 증권상장지수투자신탁(주식),ARIRANG 코스피,2015/09/23,코스피,KRX,주식
KR7122090004,122090,한화 ARIRANG KOSPI50 증권 상장지수투자신탁[주식],ARIRANG 코스피50,2010/01/07,코스피 50,KRX,주식
KR7292750007,292750,한화 ARIRANG KRX300증권상장지수투자신탁(주식),ARIRANG KRX300,2018/03/26,KRX 300,KRX,주식
KR7309210003,309210,한화 ARIRANG KRX300헬스케어증권상장지수투자신탁(주식),ARIRANG KRX300헬스케어,2018/11/08,KRX300 헬스케어,KRX,주식
KR7333940005,333940,한화 ARIRANG KS로우볼가중 Total Return증권상장지수투자신탁(주식),ARIRANG KS로우볼가중TR,2019/09/05,FnGuide KS 로우볼 가중 TR 지수,FnGuide,주식
KR7333950004,333950,한화 ARIRANG KS로우사이즈가중 Total Return증권상장지수투자신탁(주식),ARIRANG KS로우사이즈가중TR,2019/09/05,FnGuide KS 로우사이즈 가중 TR 지수,FnGuide,주식
KR7333960003,333960,한화 ARIRANG KS모멘텀가중 Total Return증권상장지수투자신탁(주식),ARIRANG KS모멘텀가중TR,2019/09/05,FnGuide KS 모멘텀 가중 TR 지수,FnGuide,주식
KR7333970002,333970,한화 ARIRANG KS밸류가중 Total Return증권상장지수투자신탁(주식),ARIRANG KS밸류가중TR,2019/09/05,FnGuide KS 밸류 가중 TR 지수,FnGuide,주식
KR7333980001,333980,한화 ARIRANG KS퀄리티가중 Total Return증권상장지수투자신탁(주식),ARIRANG KS퀄리티가중TR,2019/09/05,FnGuide KS 퀄리티 가중 TR 지수,FnGuide,주식
KR7429740004,429740,한화 ARIRANG K리츠Fn부동산상장지수투자신탁(재간접형),ARIRANG K리츠Fn,2022/05/24,FnGuide 리츠 지수,FnGuide,부동산
KR7449450006,449450,한화 ARIRANG K방산Fn증권상장지수투자신탁(주식),ARIRANG K방산Fn,2023/01/05,FnGuide K-방위산업 지수,FnGuide,주식
KR7269540001,269540,한화 ARIRANG S&P500증권상장지수투자신탁(주식-파생)(H),ARIRANG 미국S&P500(H),2017/05/16,S&P 500,S&P,주식
KR7269530002,269530,한화 ARIRANG S&P글로벌인프라 증권상장지수투자신탁(주식),ARIRANG S&P글로벌인프라,2017/05/16,S&P Global Infrastructure Index,S&P,주식
KR7433850005,433850,한화 ARIRANG TDF2030액티브증권상장지수투자신탁(혼합-재간접형),ARIRANG TDF2030액티브,2022/06/30,Morningstar Korea Lifetime Allocation Moderate 2030 Index (Gross Return),MorningStar,혼합자산
KR7433860004,433860,한화 ARIRANG TDF2040액티브증권상장지수투자신탁(혼합-재간접형),ARIRANG TDF2040액티브,2022/06/30,Morningstar Korea Lifetime Allocation Moderate 2040 Index (Gross Return),MorningStar,혼합자산
KR7433870003,433870,한화 ARIRANG TDF2050액티브증권상장지수투자신탁(혼합-재간접형),ARIRANG TDF2050액티브,2022/06/30,Morningstar Korea Lifetime Allocation Moderate 2050 Index (Gross Return),MorningStar,혼합자산
KR7433880002,433880,한화 ARIRANG TDF2060액티브증권상장지수투자신탁(혼합-재간접형),ARIRANG TDF2060액티브,2022/06/30,Morningstar Korea Lifetime Allocation Moderate 2060 Index (Gross Return),MorningStar,혼합자산
KR7251590006,251590,한화 ARIRANG 고배당저변동50증권상장지수투자신탁(주식),ARIRANG 고배당저변동50,2016/08/11,FnGuide 고배당저변동50 지수,FnGuide,주식
KR7161510003,161510,한화 ARIRANG 고배당주 증권상장지수투자신탁(주식),ARIRANG 고배당주,2012/08/29,FnGuide 배당주 지수,FnGuide,주식
KR7251600003,251600,한화 ARIRANG 고배당주채권혼합증권상장지수투자신탁(채권혼합-파생형),ARIRANG 고배당주채권혼합,2016/08/11,FnGuide 고배당 채권혼합 지수,FnGuide,혼합자산
KR7289670002,289670,한화 ARIRANG 국채선물10년증권상장지수투자신탁(채권-파생형),ARIRANG 국채선물10년,2018/02/07,10년국채선물지수,KRX,채권
KR7298340001,298340,한화 ARIRANG 국채선물3년증권상장지수투자신탁(채권-파생형),ARIRANG 국채선물3년,2018/06/08,국채선물지수,KRX,채권
KR7442580007,442580,한화 ARIRANG 글로벌D램반도체iSelect증권상장지수투자신탁(주식),ARIRANG 글로벌D램반도체iSelect,2022/09/22,iSelect 글로벌DRAM반도체지수,NH투자증권,주식
KR7419650007,419650,한화 ARIRANG 글로벌수소&차세대연료전지MV증권상장지수투자신탁(주식),ARIRANG 글로벌수소&차세대연료전지MV,2022/02/15,BlueStar Hydrogen and NextGen Fuel Cell Index (시장가격),MVIS,주식
KR7438210007,438210,한화 ARIRANG 글로벌인공지능산업MV증권상장지수투자신탁(주식),ARIRANG 글로벌인공지능산업MV,2022/08/17,BlueStar Artificial Intelligence Index(시장가격),MVIS,주식
KR7415920008,415920,한화 ARIRANG 글로벌희토류전략자원기업MV증권상장지수투자신탁(주식),ARIRANG 글로벌희토류전략자원기업MV,2022/01/18,MVIS Global Rare Earth/Strategic Metals Index (Price Return),MVIS,주식
KR7278620000,278620,한화 ARIRANG 단기채권액티브증권상장지수투자신탁(채권),ARIRANG 단기채권액티브,2017/09/26,"KAP 투자적격 크레딧 채권 1년 지수(A- 이상,총수익)",한국자산평가(KAP),채권
KR7429760002,429760,한화 ARIRANG 미국S&P500 증권상장지수투자신탁(주식),ARIRANG 미국S&P500,2022/05/31,S&P 500,S&P,주식
KR7287180004,287180,한화 ARIRANG 미국나스닥테크증권상장지수투자신탁(주식),ARIRANG 미국나스닥테크,2017/12/13,NASDAQ 100 Technology Sector Index,NASDAQ,주식
KR7332610005,332610,한화 ARIRANG 미국단기우량회사채증권상장지수투자신탁(채권),ARIRANG 미국단기우량회사채,2019/08/20,ICE BofaAML 1-3 Year AAA-A US Corporate Index(총수익지수),"ICE Data Indices, LLC",채권
KR7426410007,426410,한화 ARIRANG 미국대체투자Top10MV 증권상장지수투자신탁(주식),ARIRANG 미국대체투자Top10MV,2022/05/11,BlueStar Top 10 US Listed Alternative Asset Managers Index (시장가격),MVIS,주식
KR7332620004,332620,한화 ARIRANG 미국장기우량회사채증권상장지수투자신탁(채권),ARIRANG 미국장기우량회사채,2019/08/20,ICE BofaAML 15+ Year AAA-A US Corporate Index(총수익지수),"ICE Data Indices, LLC",채권
KR7238670004,238670,한화 ARIRANG 스마트베타Quality채권혼합증권상장지수투자신탁(채권혼합-파생형),ARIRANG 스마트베타Quality채권혼합,2016/02/24,WISE-KAP 스마트베타 Quality 채권혼합지수,WiseFn,혼합자산
KR7373530005,373530,한화 ARIRANG 신흥국MSCI인버스증권상장지수투자신탁(주식-파생형)(합성 H),ARIRANG 신흥국MSCI인버스(합성 H),2020/12/16,MSCI EM Index,MSCI,주식
KR7256450008,256450,한화 ARIRANG 심천차이넥스트증권상장지수투자신탁(주식-파생형)(합성),ARIRANG 심천차이넥스트(합성),2016/11/08,SZSE ChiNext Price Index,SSI(Shenzhen Securities Information Co Ltd),주식
KR7239660004,239660,한화 ARIRANG 우량회사채50증권상장지수투자신탁(채권),ARIRANG 우량회사채50 1년,2016/03/22,KOBI HALF CREDIT Index(총수익),KIS 채권평가,채권
KR7421320003,421320,한화 ARIRANG 우주항공&UAM iSelect증권상장지수투자신탁(주식),ARIRANG 우주항공&UAM iSelect,2022/03/29,iSelect 우주항공UAM 지수,NH투자증권,주식
KR7451000004,451000,한화 ARIRANG 종합채권(AA-이상)액티브증권상장지수투자신탁(채권),ARIRANG 종합채권(AA-이상)액티브,2023/01/10,"KAP 종합채권지수(AA-이상, 총수익)",한국자산평가(KAP),채권
KR7280920000,280920,한화 ARIRANG 주도업종증권상장지수투자신탁[주식],ARIRANG 주도업종,2017/10/17,FnGuide 주도업종 지수,FnGuide,주식
KR7266550003,266550,한화 ARIRANG 중형주저변동50증권상장지수투자신탁[주식],ARIRANG 중형주저변동50,2017/03/28,FnGuide 중형주저변동50지수,FnGuide,주식
KR7301410007,301410,한화 ARIRANG 코스닥150선물인버스증권상장지수투자신탁(주식-파생형),ARIRANG 코스닥150선물인버스,2018/07/11,F-코스닥150 지수,KRX,주식
KR7301400008,301400,한화 ARIRANG 코스닥150증권상장지수투자신탁(주식),ARIRANG 코스닥150,2018/07/05,코스닥 150,KRX,주식
KR7328370002,328370,한화 ARIRANG 코스피TotalReturn증권상장지수투자신탁(주식),ARIRANG 코스피TR,2019/06/25,코스피 TR,KRX,주식
KR7301440004,301440,한화 ARIRANG 코스피중형주증권상장지수투자신탁(주식),ARIRANG 코스피중형주,2018/07/05,코스피 중형주,KRX,주식
KR7376250007,376250,한화 ARIRANG 탄소효율그린뉴딜증권상장지수투자신탁(주식),ARIRANG 탄소효율그린뉴딜,2021/02/05,KRX/S&P 탄소효율 그린뉴딜지수,KRX,주식
KR7213630007,213630,한화ARIRANG DJ US Select Dividend 증권상장지수투자신탁(주식-파생형)(합성 H),ARIRANG 미국다우존스고배당주(합성 H),2015/01/26,Dow Jones U.S Select Dividend Index(시장가격지수),S&P,주식
KR7189400005,189400,한화ARIRANG MSCI AC World 증권상장지수투자신탁(주식-파생형)(합성 H),ARIRANG 글로벌MSCI(합성 H),2013/12/10,MSCI ACWI Index,MSCI,주식
KR7195970009,195970,한화ARIRANG MSCI EAFE 증권상장지수투자신탁(주식-파생형)(합성 H),ARIRANG 선진국MSCI(합성 H),2014/05/13,MSCI EAFE Index,MSCI,주식
KR7195980008,195980,한화ARIRANG MSCI Emerging Markets 증권상장지수투자신탁(주식-파생형)(합성 H),ARIRANG 신흥국MSCI(합성 H),2014/05/13,MSCI EM Index,MSCI,주식
KR7433250008,433250,현대 UNICORN R&D 액티브증권상장지수투자신탁(주식),UNICORN R&D 액티브,2022/07/06,코스피 200,KRX,주식
KR7215620006,215620,흥국 HK S&P로우볼증권상장지수투자신탁(주식),HK S&P코리아로우볼,2015/03/25,S&P Korea 저변동성 지수,S&P,주식
KR7391670007,391670,흥국 HK 베스트일레븐액티브증권상장지수투자신탁(주식),HK 베스트일레븐액티브,2021/07/06,코스피 200,KRX,주식
KR7391680006,391680,흥국 HK 하이볼액티브증권상장지수투자신탁(주식),HK 하이볼액티브,2021/07/06,코스피 200,KRX,주식